date,type,name,cagr,std
2018-10-23,Single ETF,SPY,-0.006834189967452442,10.919738496830494
2018-10-23,Single ETF,IVV,-0.00621365061009449,11.0163857138375
2018-10-23,Single ETF,VTI,-0.04544532326877182,10.963993021506166
2018-10-23,Single ETF,VOO,-0.007433087176829445,10.899766896152899
2018-10-23,Single ETF,QQQ,-0.03928496900446021,16.612134419968438
2018-10-23,Single ETF,VEA,-0.19276122475740254,12.037084198448502
2018-10-23,Single ETF,IEFA,-0.20094209232890503,11.844710424188767
2018-10-23,Single ETF,AGG,-0.015631739985641158,2.252739915576277
2018-10-23,Single ETF,IEMG,-0.2602156754114596,18.984580611907383
2018-10-23,Single ETF,VTV,0.029711613522662716,9.616393292917564
2018-10-23,Single ETF,VWO,-0.266892638762917,18.96086969265124
2018-10-23,Single ETF,BND,-0.014488338286400615,2.270409196254682
2018-10-23,Single ETF,VUG,-0.06266868965903927,13.685881029217988
2018-10-23,Single ETF,IJR,-0.2201726493102112,13.460202231298004
2018-10-23,Single ETF,IWM,-0.25080975636164116,13.331917474554908
2018-10-23,Single ETF,IWF,-0.03284123576923359,14.005011001733664
2018-10-23,Single ETF,IJH,-0.19032381551541533,11.051979220177301
2018-10-23,Single ETF,VIG,0.041695184656011186,10.008625708624635
2018-10-23,Single ETF,GLD,-0.10213185484065823,10.053951252380655
2018-10-23,Single ETF,EFA,-0.18711274847381,11.894478819362057
2018-10-23,Single ETF,IWD,-0.01980735075060902,9.504569594686307
2018-10-23,Single ETF,VO,-0.1517516802457728,11.18298028104134
2018-10-23,Single ETF,VXUS,-0.2146503993704031,12.902228479445672
2018-10-23,Single ETF,VB,-0.19449010449602655,12.377422486408573
2018-10-23,Single ETF,VCIT,0.004381590791994849,2.4575977218386207
2018-10-23,Single ETF,VGT,0.018313371387773447,17.36867454079808
2018-10-23,Single ETF,XLF,-0.13592512812359658,14.532464587259135
2018-10-23,Single ETF,LQD,-0.012618213321988092,3.692090852030821
2018-10-23,Single ETF,BNDX,-0.0032488833965149677,1.60880535170558
2018-10-23,Single ETF,VCSH,0.017295174235055333,0.9611411695196542
2018-10-23,Single ETF,XLK,-0.03493824272390067,17.160565045779975
2018-10-23,Single ETF,ITOT,-0.04476977347236144,10.90911617140024
2018-10-23,Single ETF,VNQ,-0.016279070274632046,13.043138283991215
2018-10-23,Single ETF,VYM,0.004350929099049106,9.436287350444614
2018-10-23,Single ETF,VEU,-0.19843324841420773,12.995893883262806
2018-10-23,Single ETF,IVW,-0.010376480550885359,13.572745159803613
2018-10-23,Single ETF,BSV,0.008589286939097995,0.8568810079813176
2018-10-23,Single ETF,EEM,-0.25489786235826484,19.722937398142033
2018-10-23,Single ETF,DIA,0.07587787938062807,11.482326303579107
2018-10-23,Single ETF,SCHX,-0.01854012061730992,10.921158249210212
2018-10-23,Single ETF,USMV,0.1112535734050184,8.710554229018436
2018-10-23,Single ETF,IWR,-0.13986091313468885,10.894137842990714
2018-10-23,Single ETF,IWB,-0.025886239451730853,10.885658355112735
2018-10-23,Single ETF,IAU,-0.10070150058131311,9.775448516265515
2018-10-23,Single ETF,IXUS,-0.21411023507108995,12.975682568964597
2018-10-23,Single ETF,TIP,-0.04949171329984936,2.6571401608203153
2018-10-23,Single ETF,RSP,-0.09090653913232705,10.15541453858738
2018-10-23,Single ETF,XLV,0.2096139282887879,11.720019008102039
2018-10-23,Single ETF,SCHF,-0.18735037273112076,11.872936528198643
2018-10-23,Single ETF,MBB,-0.018907194422556062,2.197042268886256
2018-10-23,Single ETF,IGSB,0.013226444944614668,0.991146922694024
2018-10-23,Single ETF,XLE,-0.19446838015793955,16.90829909097709
2018-10-23,Single ETF,SCHD,0.03547072406104679,9.85452097924511
2018-10-23,Single ETF,VBR,-0.1987557638272014,10.718661921724644
2018-10-23,Single ETF,VV,-0.014946608095909752,10.962272934408443
2018-10-23,Single ETF,IVE,-0.005334381561639123,9.424464507886855
2018-10-23,Single ETF,MUB,0.003946278952284832,2.444349436451491
2018-10-23,Single ETF,MDY,-0.19146185738027344,11.106696479222855
2018-10-23,Single ETF,HYG,0.012669836335780671,2.970770326371158
2018-10-23,Single ETF,XLI,-0.044950865024047215,14.206448881137959
2018-10-23,Single ETF,ARKK,-0.308022087370573,26.444328202514463
2018-10-23,Single ETF,SCHB,-0.042910874739370275,10.95293734919397
2018-10-23,Single ETF,VT,-0.12274295716735895,11.0496516989073
2018-10-23,Single ETF,QUAL,-0.022027317932340806,11.11548946917084
2018-10-23,Single ETF,XLY,-0.11630926451328971,13.242133332027864
2018-10-23,Single ETF,SDY,0.02347203645913254,9.07742397363817
2018-10-23,Single ETF,SHY,0.007896803597124968,0.5621961929201897
2018-10-23,Single ETF,EMB,0.0263403720167954,5.6978047844371975
2018-10-23,Single ETF,PFF,-0.05896760119612854,4.323088483558295
2018-10-23,Single ETF,DVY,-0.023686687355754743,8.500292331203399
2018-10-23,Single ETF,DGRO,0.04201089100271749,9.79885901449745
2018-10-23,Single ETF,VGK,-0.20976276576081654,13.11603050896711
2018-10-23,Single ETF,ESGU,-0.013398040716016357,11.29856225632263
2018-10-23,Single ETF,SCHP,-0.047892167413176145,2.5556285704965713
2018-10-23,Single ETF,JPST,0.026550806443090824,0.29731304137163284
2018-10-23,Single ETF,IWN,-0.23180556328748358,11.38517957992181
2018-10-23,Single ETF,ACWI,-0.10329983759973027,11.212944262193204
2018-10-23,Single ETF,GOVT,-0.022908384222943723,2.5157823580700196
2018-10-23,Single ETF,VXF,-0.21073439272561256,12.51127303052629
2018-10-23,Single ETF,SCHA,-0.24129849208441279,12.930195564997113
2018-10-23,Single ETF,VLUE,-0.05431616266580108,10.978947007992979
2018-10-23,Single ETF,VBK,-0.19022303933384876,15.113148548333275
2018-10-23,Single ETF,GDX,-0.23526423785467976,25.242312924613607
2018-10-23,Single ETF,SLV,-0.2621051460799878,15.612957412638087
2018-10-23,Single ETF,SHV,0.018571305767395074,0.16265600698522215
2018-10-23,Single ETF,VMBS,-0.018420906671639647,2.157455061838764
2018-10-23,Single ETF,IWP,-0.16448620031551964,14.345004965314704
2018-10-23,Single ETF,MINT,0.02397265720339803,0.23590411369511116
2018-10-23,Single ETF,VHT,0.14896351617535886,11.99433108138726
2018-10-23,Single ETF,SCZ,-0.2883937537756469,12.130315868258645
2018-10-23,Single ETF,BIV,-0.006697242198867137,2.5687670423965216
2018-10-23,Single ETF,MTUM,-0.10973709948495602,16.125440148616367
2018-10-23,Single ETF,VOE,-0.1263220079642734,9.895622016027707
2018-10-23,Single ETF,SCHG,-0.03723609752625834,13.55823332961654
2018-10-23,Single ETF,IWS,-0.12179319871644712,9.67445653260135
2018-10-23,Single ETF,IEF,-0.027228207585641817,3.3557912275211814
2018-10-23,Single ETF,EFV,-0.14827787000515347,11.968746630515817
2018-10-23,Single ETF,XLC,-0.176732588237969,16.497300157824323
2018-10-23,Single ETF,VTIP,-0.0004377565228260716,0.9906810580394959
2018-10-23,Single ETF,IUSB,-0.013853779017921508,2.0415668925952577
2018-10-24,Single ETF,SPY,-0.01181931764438604,10.919738496830492
2018-10-24,Single ETF,IVV,-0.012277773155264349,11.0163857138375
2018-10-24,Single ETF,VTI,-0.05217879714607676,10.963993021506166
2018-10-24,Single ETF,VOO,-0.012717657131021798,10.899766896152899
2018-10-24,Single ETF,QQQ,-0.059236452580401666,16.612134419968438
2018-10-24,Single ETF,VEA,-0.19897268380430166,12.037084198448502
2018-10-24,Single ETF,IEFA,-0.2009144601228655,11.844710424188765
2018-10-24,Single ETF,AGG,-0.010313113601130741,2.252739915576277
2018-10-24,Single ETF,IEMG,-0.2720446432288659,18.984580611907383
2018-10-24,Single ETF,VTV,0.031090054741515605,9.616393292917563
2018-10-24,Single ETF,VWO,-0.2755888790066098,18.960869692651244
2018-10-24,Single ETF,BND,-0.008022347484267889,2.2704091962546826
2018-10-24,Single ETF,VUG,-0.0753605642820323,13.685881029217988
2018-10-24,Single ETF,IJR,-0.2391662558300165,13.460202231298004
2018-10-24,Single ETF,IWM,-0.2698683219150597,13.331917474554908
2018-10-24,Single ETF,IWF,-0.043020175039571784,14.005011001733664
2018-10-24,Single ETF,IJH,-0.20328791054328377,11.0519792201773
2018-10-24,Single ETF,VIG,0.04144883126886434,10.008625708624635
2018-10-24,Single ETF,GLD,-0.09109222316779564,10.053951252380655
2018-10-24,Single ETF,EFA,-0.19021098394465585,11.894478819362059
2018-10-24,Single ETF,IWD,-0.020897036989532825,9.50456959468631
2018-10-24,Single ETF,VO,-0.1633582976179494,11.18298028104134
2018-10-24,Single ETF,VXUS,-0.22278174002172135,12.902228479445672
2018-10-24,Single ETF,VB,-0.2119725949676411,12.377422486408573
2018-10-24,Single ETF,VCIT,0.012188416917775724,2.4575977218386207
2018-10-24,Single ETF,VGT,0.010280201600097127,17.36867454079808
2018-10-24,Single ETF,XLF,-0.13045183621312306,14.532464587259135
2018-10-24,Single ETF,LQD,0.0035599452165888668,3.692090852030821
2018-10-24,Single ETF,BNDX,-0.003806139136553699,1.60880535170558
2018-10-24,Single ETF,VCSH,0.019341633582415696,0.9611411695196541
2018-10-24,Single ETF,XLK,-0.04110389758321897,17.160565045779975
2018-10-24,Single ETF,ITOT,-0.052931492916514555,10.90911617140024
2018-10-24,Single ETF,VNQ,-0.04775458931177301,13.043138283991215
2018-10-24,Single ETF,VYM,0.005078947529688405,9.436287350444614
2018-10-24,Single ETF,VEU,-0.2033758203500916,12.995893883262806
2018-10-24,Single ETF,IVW,-0.020270056784214674,13.572745159803613
2018-10-24,Single ETF,BSV,0.010922367418987333,0.8568810079813176
2018-10-24,Single ETF,EEM,-0.2659646153458338,19.722937398142033
2018-10-24,Single ETF,DIA,0.08187301347737463,11.482326303579107
2018-10-24,Single ETF,SCHX,-0.025136682984004066,10.921158249210212
2018-10-24,Single ETF,USMV,0.11401171783231612,8.710554229018436
2018-10-24,Single ETF,IWR,-0.15068715975254832,10.894137842990714
2018-10-24,Single ETF,IWB,-0.032503133858805766,10.885658355112735
2018-10-24,Single ETF,IAU,-0.09065183832143653,9.775448516265516
2018-10-24,Single ETF,IXUS,-0.22089779292162204,12.975682568964597
2018-10-24,Single ETF,TIP,-0.04218079926845153,2.6571401608203153
2018-10-24,Single ETF,RSP,-0.09900665892427907,10.15541453858738
2018-10-24,Single ETF,XLV,0.2039850056251984,11.720019008102039
2018-10-24,Single ETF,SCHF,-0.19224724707141483,11.872936528198643
2018-10-24,Single ETF,MBB,-0.013245855520497618,2.197042268886256
2018-10-24,Single ETF,IGSB,0.014761886185113315,0.9911469226940242
2018-10-24,Single ETF,XLE,-0.2061398012208273,16.90829909097709
2018-10-24,Single ETF,SCHD,0.03636072768139287,9.85452097924511
2018-10-24,Single ETF,VBR,-0.21330383147607346,10.718661921724644
2018-10-24,Single ETF,VV,-0.020688224622136264,10.962272934408443
2018-10-24,Single ETF,IVE,-0.005117582515014818,9.424464507886855
2018-10-24,Single ETF,MUB,0.005325031151873105,2.444349436451491
2018-10-24,Single ETF,MDY,-0.2043090940011264,11.106696479222855
2018-10-24,Single ETF,HYG,0.009682985294850566,2.970770326371158
2018-10-24,Single ETF,XLI,-0.04720285688013759,14.206448881137959
2018-10-24,Single ETF,ARKK,-0.3488838504897308,26.444328202514463
2018-10-24,Single ETF,SCHB,-0.05189561675118448,10.952937349193972
2018-10-24,Single ETF,VT,-0.13249781610798805,11.0496516989073
2018-10-24,Single ETF,QUAL,-0.019189474697274944,11.11548946917084
2018-10-24,Single ETF,XLY,-0.12929315936139474,13.242133332027864
2018-10-24,Single ETF,SDY,0.01661882695675332,9.07742397363817
2018-10-24,Single ETF,SHY,0.009375223427516177,0.5621961929201897
2018-10-24,Single ETF,EMB,0.020088146915871574,5.6978047844371975
2018-10-24,Single ETF,PFF,-0.05576195002099027,4.323088483558295
2018-10-24,Single ETF,DVY,-0.02589259888614337,8.500292331203399
2018-10-24,Single ETF,DGRO,0.04496488701290202,9.79885901449745
2018-10-24,Single ETF,VGK,-0.21164959855515852,13.11603050896711
2018-10-24,Single ETF,ESGU,-0.0236043265397593,11.29856225632263
2018-10-24,Single ETF,SCHP,-0.040084463288205474,2.5556285704965713
2018-10-24,Single ETF,JPST,0.0267660306047528,0.2973130413716329
2018-10-24,Single ETF,IWN,-0.2489971729009005,11.38517957992181
2018-10-24,Single ETF,ACWI,-0.11022925032270081,11.212944262193204
2018-10-24,Single ETF,GOVT,-0.016081635643762526,2.5157823580700196
2018-10-24,Single ETF,VXF,-0.22608163189752384,12.51127303052629
2018-10-24,Single ETF,SCHA,-0.25849059179006806,12.930195564997113
2018-10-24,Single ETF,VLUE,-0.05924687444938814,10.978947007992979
2018-10-24,Single ETF,VBK,-0.20994975976784014,15.113148548333275
2018-10-24,Single ETF,GDX,-0.2236134796145881,25.242312924613607
2018-10-24,Single ETF,SLV,-0.26109144255192074,15.612957412638087
2018-10-24,Single ETF,SHV,0.018990723117784825,0.16265600698522215
2018-10-24,Single ETF,VMBS,-0.014084213719587346,2.157455061838764
2018-10-24,Single ETF,IWP,-0.17547635245994941,14.345004965314704
2018-10-24,Single ETF,MINT,0.02416673745251252,0.23590411369511116
2018-10-24,Single ETF,VHT,0.1355386474526028,11.99433108138726
2018-10-24,Single ETF,SCZ,-0.28869934885165804,12.130315868258645
2018-10-24,Single ETF,BIV,0.0008323690393301497,2.568767042396521
2018-10-24,Single ETF,MTUM,-0.1246127654460989,16.125440148616367
2018-10-24,Single ETF,VOE,-0.13449000864688465,9.895622016027707
2018-10-24,Single ETF,SCHG,-0.04903318163627024,13.55823332961654
2018-10-24,Single ETF,IWS,-0.13295395836153356,9.67445653260135
2018-10-24,Single ETF,IEF,-0.018210019305763603,3.3557912275211814
2018-10-24,Single ETF,EFV,-0.14744182990406962,11.968746630515817
2018-10-24,Single ETF,XLC,-0.20708914307410198,16.497300157824323
2018-10-24,Single ETF,VTIP,0.0013586338937643383,0.9906810580394959
2018-10-24,Single ETF,IUSB,-0.010450345877804246,2.0415668925952573
2018-10-23,Monkey Portfolios,p_0,-0.0895370484701189,9.097987051297414
2018-10-23,Monkey Portfolios,p_1,-0.09418508161014272,8.959195228541262
2018-10-23,Monkey Portfolios,p_2,-0.14539239278232774,8.07991026509173
2018-10-23,Monkey Portfolios,p_3,-0.16075106680033557,9.059616583840324
2018-10-23,Monkey Portfolios,p_4,-0.09187361789767745,8.299779759133031
2018-10-23,Monkey Portfolios,p_5,-0.03423340890172044,8.235416047984604
2018-10-23,Monkey Portfolios,p_6,-0.10498069330810378,9.345033760041783
2018-10-23,Monkey Portfolios,p_7,-0.22700536344639655,8.350857763952023
2018-10-23,Monkey Portfolios,p_8,-0.018311169979625008,8.790948256383023
2018-10-23,Monkey Portfolios,p_9,-0.14077548953897223,8.306847537501895
2018-10-23,Monkey Portfolios,p_10,-0.053695796175392,8.236344295877142
2018-10-23,Monkey Portfolios,p_11,-0.08022771830565678,8.136167910216841
2018-10-23,Monkey Portfolios,p_12,-0.07428538373398541,7.723480415091353
2018-10-23,Monkey Portfolios,p_13,-0.06294556478883806,8.982590636139394
2018-10-23,Monkey Portfolios,p_14,-0.022902254230054986,7.966354875099054
2018-10-23,Monkey Portfolios,p_15,-0.10557603132217674,8.505732453831008
2018-10-23,Monkey Portfolios,p_16,-0.09018828394540956,8.213788594828928
2018-10-23,Monkey Portfolios,p_17,-0.0721613685666268,8.24464297275978
2018-10-23,Monkey Portfolios,p_18,0.008419640692183039,7.259053184503605
2018-10-23,Monkey Portfolios,p_19,-0.09680352029686456,8.159602087122899
2018-10-23,Monkey Portfolios,p_20,-0.03681670404913129,8.178959177257738
2018-10-23,Monkey Portfolios,p_21,-0.15500677904812832,8.683646354560365
2018-10-23,Monkey Portfolios,p_22,0.014352268257893819,7.687531070356405
2018-10-23,Monkey Portfolios,p_23,-0.08601597830434082,9.585907167247962
2018-10-23,Monkey Portfolios,p_24,-0.19799506453258586,9.474429764812616
2018-10-23,Monkey Portfolios,p_25,-0.06552357197807956,8.796280759642235
2018-10-23,Monkey Portfolios,p_26,-0.061472388912871656,8.216056372857356
2018-10-23,Monkey Portfolios,p_27,-0.06485319596097916,8.819229939513443
2018-10-23,Monkey Portfolios,p_28,-0.08498973421014266,7.957897152760238
2018-10-23,Monkey Portfolios,p_29,-0.07625440181846299,8.078167583285945
2018-10-23,Monkey Portfolios,p_30,0.026121513928277995,8.158601503640826
2018-10-23,Monkey Portfolios,p_31,-0.082855361881637,9.365824382105243
2018-10-23,Monkey Portfolios,p_32,-0.05685142131696863,8.587676363561654
2018-10-23,Monkey Portfolios,p_33,-0.042193259540056816,8.418905597531257
2018-10-23,Monkey Portfolios,p_34,-0.06465989666160743,8.961746549149234
2018-10-23,Monkey Portfolios,p_35,-0.07144843587665506,9.029757777803715
2018-10-23,Monkey Portfolios,p_36,-0.19057137961166282,8.912528093348401
2018-10-23,Monkey Portfolios,p_37,-0.09228163175289128,8.616113185394575
2018-10-23,Monkey Portfolios,p_38,-0.11431059310819536,7.788775639522729
2018-10-23,Monkey Portfolios,p_39,-0.07622163841174523,7.882895954552504
2018-10-23,Monkey Portfolios,p_40,-0.09753918078323409,8.888359476518685
2018-10-23,Monkey Portfolios,p_41,-0.14252872571724529,8.193097687094951
2018-10-23,Monkey Portfolios,p_42,-0.08704080563955618,8.117407893283994
2018-10-23,Monkey Portfolios,p_43,-0.09754862373453388,7.694223094401525
2018-10-23,Monkey Portfolios,p_44,-0.053273188686521755,7.614550720493372
2018-10-23,Monkey Portfolios,p_45,-0.07170227079842184,8.170359547073197
2018-10-23,Monkey Portfolios,p_46,-0.07862142590627441,8.688519036647625
2018-10-23,Monkey Portfolios,p_47,0.02751539935877112,8.111786572535484
2018-10-23,Monkey Portfolios,p_48,-0.08068183437591303,8.555325472181742
2018-10-23,Monkey Portfolios,p_49,-0.014071640870517932,7.847175919959371
2018-10-23,Monkey Portfolios,p_50,-0.06052383811190698,8.440224779340562
2018-10-23,Monkey Portfolios,p_51,-0.08753231920289772,8.809021209860534
2018-10-23,Monkey Portfolios,p_52,-0.11252757899579224,8.93939865980297
2018-10-23,Monkey Portfolios,p_53,-0.07518463674278841,8.958313563139406
2018-10-23,Monkey Portfolios,p_54,-0.060727223080419,9.353248966045678
2018-10-23,Monkey Portfolios,p_55,-0.02676927580713062,7.123123073980975
2018-10-23,Monkey Portfolios,p_56,-0.10835941653066372,8.033587207645391
2018-10-23,Monkey Portfolios,p_57,-0.06763186617304018,8.300913139921931
2018-10-23,Monkey Portfolios,p_58,-0.10058842612700025,8.643797005475367
2018-10-23,Monkey Portfolios,p_59,-0.12045502867536084,8.537583787058585
2018-10-23,Monkey Portfolios,p_60,-0.12188158818886019,8.739408216794526
2018-10-23,Monkey Portfolios,p_61,-0.11350317793184694,9.160767043556374
2018-10-23,Monkey Portfolios,p_62,-0.10355177458284714,8.037651629679253
2018-10-23,Monkey Portfolios,p_63,-0.05702092617107135,8.195971150858227
2018-10-23,Monkey Portfolios,p_64,-0.13501647514663628,7.856379149586553
2018-10-23,Monkey Portfolios,p_65,-0.06205703715169775,7.7009328063073035
2018-10-23,Monkey Portfolios,p_66,-0.015245318492553617,8.598789742653098
2018-10-23,Monkey Portfolios,p_67,-0.03227890867588823,8.128417310292205
2018-10-23,Monkey Portfolios,p_68,-0.01744289899818885,7.3898107790786405
2018-10-23,Monkey Portfolios,p_69,-0.0470913342944933,8.766366740188131
2018-10-23,Monkey Portfolios,p_70,-0.07759687304130658,7.828296349862139
2018-10-23,Monkey Portfolios,p_71,-0.055318936322981016,9.565731939984346
2018-10-23,Monkey Portfolios,p_72,-0.1531082546880248,8.21787050523219
2018-10-23,Monkey Portfolios,p_73,-0.07228651009007747,7.976231658966374
2018-10-23,Monkey Portfolios,p_74,-0.04946672675168429,8.423595749035606
2018-10-23,Monkey Portfolios,p_75,-0.1244353140525355,7.853817983557032
2018-10-23,Monkey Portfolios,p_76,-0.02891997250615075,7.68760863465393
2018-10-23,Monkey Portfolios,p_77,-0.0793338568149754,8.693837576771635
2018-10-23,Monkey Portfolios,p_78,-0.05133123202743084,7.514846019145341
2018-10-23,Monkey Portfolios,p_79,-0.1032291846309521,8.522187112087693
2018-10-23,Monkey Portfolios,p_80,-0.08745515759936306,8.396588763019306
2018-10-23,Monkey Portfolios,p_81,-0.0571700305300733,8.004308219776947
2018-10-23,Monkey Portfolios,p_82,-0.1514068528740845,8.730983569021863
2018-10-23,Monkey Portfolios,p_83,-0.07599056051474218,7.542276557914683
2018-10-23,Monkey Portfolios,p_84,-0.17370261974533818,7.870126779153751
2018-10-23,Monkey Portfolios,p_85,-0.16520232742911856,8.442561878070467
2018-10-23,Monkey Portfolios,p_86,-0.06940844243359878,8.114503278564392
2018-10-23,Monkey Portfolios,p_87,-0.08493325086459125,8.149358783026972
2018-10-23,Monkey Portfolios,p_88,-0.14921661511316897,7.822407418586846
2018-10-23,Monkey Portfolios,p_89,0.03629471995799993,8.213640750219678
2018-10-23,Monkey Portfolios,p_90,-0.0876167125964844,8.710528692605152
2018-10-23,Monkey Portfolios,p_91,-0.037888464076421435,9.047591516235457
2018-10-23,Monkey Portfolios,p_92,-0.10805449315420845,8.271455108627233
2018-10-23,Monkey Portfolios,p_93,-0.07356535748165827,7.856937663482807
2018-10-23,Monkey Portfolios,p_94,-0.03460136173709949,9.801128148751886
2018-10-23,Monkey Portfolios,p_95,-0.07788100587986202,8.244486657893356
2018-10-23,Monkey Portfolios,p_96,-0.07629857535352746,7.913245178115753
2018-10-23,Monkey Portfolios,p_97,-0.08974450230459285,8.17697038273957
2018-10-23,Monkey Portfolios,p_98,-0.06218462637318212,8.43218813077627
2018-10-23,Monkey Portfolios,p_99,-0.10654954823688945,9.454284088659737
2018-10-23,Monkey Portfolios,p_100,-0.08059741316547686,7.920084279773497
2018-10-23,Monkey Portfolios,p_101,-0.06690205311712161,8.571526025351663
2018-10-23,Monkey Portfolios,p_102,-0.08286204653196028,8.434145865581947
2018-10-23,Monkey Portfolios,p_103,-0.02923812995299291,7.464865134893366
2018-10-23,Monkey Portfolios,p_104,-0.06137377531488686,8.24931193402677
2018-10-23,Monkey Portfolios,p_105,-0.09004653382636596,8.89805723746183
2018-10-23,Monkey Portfolios,p_106,-0.02619838199185609,7.682350902987339
2018-10-23,Monkey Portfolios,p_107,-0.06854917902776314,7.927104578300653
2018-10-23,Monkey Portfolios,p_108,-0.08274972630596433,9.345276695648508
2018-10-23,Monkey Portfolios,p_109,-0.05603404674566492,7.8518269976265715
2018-10-23,Monkey Portfolios,p_110,-0.11072539560063499,7.733195952708693
2018-10-23,Monkey Portfolios,p_111,-0.12117685452593074,8.699565504059
2018-10-23,Monkey Portfolios,p_112,-0.04091802788623078,8.65745889285567
2018-10-23,Monkey Portfolios,p_113,-0.06794222538856032,8.209298171748532
2018-10-23,Monkey Portfolios,p_114,-0.0433977116196137,8.331953071070892
2018-10-23,Monkey Portfolios,p_115,0.06832131847958345,7.938439562573566
2018-10-23,Monkey Portfolios,p_116,-0.09232394994065929,9.31796486329862
2018-10-23,Monkey Portfolios,p_117,0.0036333975451432465,7.245950856917076
2018-10-23,Monkey Portfolios,p_118,-0.13512764348211737,8.606389356608084
2018-10-23,Monkey Portfolios,p_119,-0.12861879243397223,8.189249046302935
2018-10-23,Monkey Portfolios,p_120,-0.09579933064928225,8.301607070733285
2018-10-23,Monkey Portfolios,p_121,-0.06201981183500305,9.306199183229815
2018-10-23,Monkey Portfolios,p_122,-0.19029821400324498,8.813491703311856
2018-10-23,Monkey Portfolios,p_123,-0.01059485982913222,7.781081436831981
2018-10-23,Monkey Portfolios,p_124,-0.10285174961702281,7.9991122941190795
2018-10-23,Monkey Portfolios,p_125,-0.11638088806835578,8.515990163323915
2018-10-23,Monkey Portfolios,p_126,-0.0609849257001891,7.715579094332383
2018-10-23,Monkey Portfolios,p_127,-0.14542220345765378,8.808541586706262
2018-10-23,Monkey Portfolios,p_128,-0.060564357269087155,7.972616813533767
2018-10-23,Monkey Portfolios,p_129,-0.06786767216891643,9.331630510437982
2018-10-23,Monkey Portfolios,p_130,-0.04092550468171863,8.645311497448997
2018-10-23,Monkey Portfolios,p_131,-0.15233506878151148,8.299221075180222
2018-10-23,Monkey Portfolios,p_132,-0.13626267610911658,7.818205659411772
2018-10-23,Monkey Portfolios,p_133,-0.11452781361936559,9.743558023683184
2018-10-23,Monkey Portfolios,p_134,-0.015108969732621436,8.88778592366079
2018-10-23,Monkey Portfolios,p_135,-0.011518331715630437,8.091993146160991
2018-10-23,Monkey Portfolios,p_136,-0.04282286406459235,7.8796096414219505
2018-10-23,Monkey Portfolios,p_137,-0.04350262363775337,8.416064053236253
2018-10-23,Monkey Portfolios,p_138,-0.04565288212570151,8.141000685051756
2018-10-23,Monkey Portfolios,p_139,-0.12368148212556174,7.9092466322655754
2018-10-23,Monkey Portfolios,p_140,-0.04237200939404506,8.567147540625013
2018-10-23,Monkey Portfolios,p_141,-0.08709035662298326,8.670827892619874
2018-10-23,Monkey Portfolios,p_142,-0.2067748967019073,9.301857046380015
2018-10-23,Monkey Portfolios,p_143,-0.03968334395032824,7.266926242704754
2018-10-23,Monkey Portfolios,p_144,-0.10035380827458906,8.578635421182582
2018-10-23,Monkey Portfolios,p_145,-0.13971542324203767,9.177618930420087
2018-10-23,Monkey Portfolios,p_146,0.007937433137749972,8.016173880869502
2018-10-23,Monkey Portfolios,p_147,-0.06972821242572425,8.244735752592906
2018-10-23,Monkey Portfolios,p_148,-0.019577387169575355,8.285162318996646
2018-10-23,Monkey Portfolios,p_149,-0.11529420664783008,8.499975208078565
2018-10-23,Monkey Portfolios,p_150,-0.14139680331462545,8.502176590352095
2018-10-23,Monkey Portfolios,p_151,-0.09873952955641241,9.342538229665843
2018-10-23,Monkey Portfolios,p_152,-0.02583356211108745,7.666027468986255
2018-10-23,Monkey Portfolios,p_153,-0.08413254824420868,8.298914237833491
2018-10-23,Monkey Portfolios,p_154,-0.11584664853416793,9.152977715971625
2018-10-23,Monkey Portfolios,p_155,-0.13180914398317378,8.253093133473076
2018-10-23,Monkey Portfolios,p_156,-0.07493787858728662,8.34904772283319
2018-10-23,Monkey Portfolios,p_157,-0.14464140886972854,8.154737591375476
2018-10-23,Monkey Portfolios,p_158,-0.08017413586311806,8.503641265035773
2018-10-23,Monkey Portfolios,p_159,-0.05470427540367806,8.351465169181175
2018-10-23,Monkey Portfolios,p_160,-0.017862936640150706,8.296321564877747
2018-10-23,Monkey Portfolios,p_161,0.012600669081276106,8.518356161793657
2018-10-23,Monkey Portfolios,p_162,-0.09694500062978562,9.43224577983183
2018-10-23,Monkey Portfolios,p_163,-0.09447450044734207,8.072253893995779
2018-10-23,Monkey Portfolios,p_164,-0.022113958871965322,8.229709640693827
2018-10-23,Monkey Portfolios,p_165,-0.11206820178216914,9.048622716049943
2018-10-23,Monkey Portfolios,p_166,-0.07909643906698893,8.05467882741998
2018-10-23,Monkey Portfolios,p_167,-0.13710685371215703,8.88904303384647
2018-10-23,Monkey Portfolios,p_168,-0.09153932087182837,8.160220694221
2018-10-23,Monkey Portfolios,p_169,-0.09301733631119957,8.450114173104014
2018-10-23,Monkey Portfolios,p_170,-0.031169371562841386,9.27686351573115
2018-10-23,Monkey Portfolios,p_171,-0.08601301532304662,9.238015426723548
2018-10-23,Monkey Portfolios,p_172,-0.06700461415817682,8.631896922386971
2018-10-23,Monkey Portfolios,p_173,-0.10034145402339711,8.501171275636835
2018-10-23,Monkey Portfolios,p_174,-0.04577470450934462,8.629330324033795
2018-10-23,Monkey Portfolios,p_175,-1.50951581658898e-05,9.146127480462988
2018-10-23,Monkey Portfolios,p_176,-0.16246553894419558,9.198063387989539
2018-10-23,Monkey Portfolios,p_177,-0.018289501351392623,8.86455128153148
2018-10-23,Monkey Portfolios,p_178,-0.030959270689306595,7.855618414846543
2018-10-23,Monkey Portfolios,p_179,-0.05629876283126245,9.596593457848352
2018-10-23,Monkey Portfolios,p_180,-0.08210351525174842,8.861340688884011
2018-10-23,Monkey Portfolios,p_181,-0.03367847586506956,8.607963108327315
2018-10-23,Monkey Portfolios,p_182,-0.16177159600701096,8.51140081590712
2018-10-23,Monkey Portfolios,p_183,-0.0018229739243632581,7.7399546872236265
2018-10-23,Monkey Portfolios,p_184,-0.13379619407159238,8.999264058568896
2018-10-23,Monkey Portfolios,p_185,0.005864229686186162,7.267003582140871
2018-10-23,Monkey Portfolios,p_186,-0.10602665428244895,8.355775640275148
2018-10-23,Monkey Portfolios,p_187,-0.015898792778601956,9.291764063000207
2018-10-23,Monkey Portfolios,p_188,-0.02420518393228077,8.253071872585322
2018-10-23,Monkey Portfolios,p_189,-0.10567849037898258,7.856996206458397
2018-10-23,Monkey Portfolios,p_190,-0.08267838298606622,9.177588183995955
2018-10-23,Monkey Portfolios,p_191,-0.09679073206694355,8.767026615408087
2018-10-23,Monkey Portfolios,p_192,-0.037484105716655614,7.644682672610315
2018-10-23,Monkey Portfolios,p_193,-0.15495597231395009,8.470945431645207
2018-10-23,Monkey Portfolios,p_194,-0.003876861273763743,7.102643279102399
2018-10-23,Monkey Portfolios,p_195,-0.057445415891718254,8.735278309729571
2018-10-23,Monkey Portfolios,p_196,-0.06727386612291175,7.491343987851294
2018-10-23,Monkey Portfolios,p_197,-0.09087620777738437,7.88091240499591
2018-10-23,Monkey Portfolios,p_198,-0.14718342757254055,8.995255017054706
2018-10-23,Monkey Portfolios,p_199,-0.10922037638230508,9.303676816489832
2018-10-23,Monkey Portfolios,p_200,-0.023210574956699426,7.459458360491331
2018-10-23,Monkey Portfolios,p_201,-0.10646771648935094,8.588513358298085
2018-10-23,Monkey Portfolios,p_202,-0.1284878889934492,8.155706590753043
2018-10-23,Monkey Portfolios,p_203,-0.10603790233785215,8.482104935729708
2018-10-23,Monkey Portfolios,p_204,-0.09259535750968073,8.133483057496436
2018-10-23,Monkey Portfolios,p_205,-0.059266082227744654,7.433933337268001
2018-10-23,Monkey Portfolios,p_206,-0.11266058480175578,8.345062999439811
2018-10-23,Monkey Portfolios,p_207,-0.08021437240969476,8.357702499555174
2018-10-23,Monkey Portfolios,p_208,0.035141401261716165,8.351136481188588
2018-10-23,Monkey Portfolios,p_209,-0.0764833645140851,8.014337323744503
2018-10-23,Monkey Portfolios,p_210,-0.04528041776567393,8.56025233244104
2018-10-23,Monkey Portfolios,p_211,-0.1184328301842893,8.324524000513314
2018-10-23,Monkey Portfolios,p_212,0.07227919734351707,7.868619253583791
2018-10-23,Monkey Portfolios,p_213,-0.11088933256570721,7.955493173348277
2018-10-23,Monkey Portfolios,p_214,-0.012748483819844392,8.430479027063756
2018-10-23,Monkey Portfolios,p_215,-0.07108518237914918,7.912998490460123
2018-10-23,Monkey Portfolios,p_216,-0.04217635494898653,7.813738427544877
2018-10-23,Monkey Portfolios,p_217,-0.1165172449272297,8.258315862625995
2018-10-23,Monkey Portfolios,p_218,-0.11231080577995389,9.670603446065655
2018-10-23,Monkey Portfolios,p_219,-0.14995022378126777,7.5984500057212
2018-10-23,Monkey Portfolios,p_220,-0.1469707679093265,8.722992406452695
2018-10-23,Monkey Portfolios,p_221,-0.1362594181785446,8.292491419414137
2018-10-23,Monkey Portfolios,p_222,-0.15235269693952436,8.761098704022315
2018-10-23,Monkey Portfolios,p_223,-0.006670312373087683,7.7828893142579165
2018-10-23,Monkey Portfolios,p_224,-0.17416612820682242,7.926183009636291
2018-10-23,Monkey Portfolios,p_225,-0.09509963175669345,8.339566079186906
2018-10-23,Monkey Portfolios,p_226,-0.08178342058412502,8.586551609867719
2018-10-23,Monkey Portfolios,p_227,-0.004173864833693308,8.60149610193883
2018-10-23,Monkey Portfolios,p_228,-0.11033707047948194,7.261478893084748
2018-10-23,Monkey Portfolios,p_229,-0.043124206921586805,8.179295682402971
2018-10-23,Monkey Portfolios,p_230,-0.051908786938109075,8.606431366596745
2018-10-23,Monkey Portfolios,p_231,-0.15702228881578484,9.082734617311733
2018-10-23,Monkey Portfolios,p_232,-0.0828375586988287,8.185119622401665
2018-10-23,Monkey Portfolios,p_233,-0.06330530300486037,7.945726748367015
2018-10-23,Monkey Portfolios,p_234,-0.09010028961768268,8.12101638670354
2018-10-23,Monkey Portfolios,p_235,-0.06004203146067444,7.918826325770693
2018-10-23,Monkey Portfolios,p_236,-0.11469687390077132,8.03546091235654
2018-10-23,Monkey Portfolios,p_237,-0.08003630748333568,7.655913235761197
2018-10-23,Monkey Portfolios,p_238,-0.028279129294930483,8.723496876314579
2018-10-23,Monkey Portfolios,p_239,-0.13252640120437753,8.61321372371204
2018-10-23,Monkey Portfolios,p_240,-0.07730210000639304,8.169007457241095
2018-10-23,Monkey Portfolios,p_241,-0.10551663765821961,8.25684217002731
2018-10-23,Monkey Portfolios,p_242,-0.06281323653254278,8.562504008272427
2018-10-23,Monkey Portfolios,p_243,-0.1006639492600564,8.422715312312505
2018-10-23,Monkey Portfolios,p_244,-0.0936148222585973,8.617465495690647
2018-10-23,Monkey Portfolios,p_245,-0.15276106800195677,9.210239655070604
2018-10-23,Monkey Portfolios,p_246,-0.03624715158200964,7.526628822173899
2018-10-23,Monkey Portfolios,p_247,-0.15147215968491923,8.995534757136461
2018-10-23,Monkey Portfolios,p_248,-0.08413316122188141,9.095801862809376
2018-10-23,Monkey Portfolios,p_249,-0.015051956323441917,8.043282069879789
2018-10-23,Monkey Portfolios,p_250,-0.10937205763748725,8.55295844922782
2018-10-23,Monkey Portfolios,p_251,-0.03572211942376291,8.069180869866393
2018-10-23,Monkey Portfolios,p_252,-0.14785474074446847,9.347366953869708
2018-10-23,Monkey Portfolios,p_253,-0.034553058519748436,8.003248395213719
2018-10-23,Monkey Portfolios,p_254,-0.15900502955338858,8.940693903924233
2018-10-23,Monkey Portfolios,p_255,-0.10516859049238403,7.898136386079385
2018-10-23,Monkey Portfolios,p_256,-0.016516972111606743,7.56460843900179
2018-10-23,Monkey Portfolios,p_257,-0.04607279577647139,8.066158609524754
2018-10-23,Monkey Portfolios,p_258,-0.13034548810893798,8.688635796700861
2018-10-23,Monkey Portfolios,p_259,-0.0776375842954321,9.293741233886424
2018-10-23,Monkey Portfolios,p_260,-0.08736810995808164,8.090913245377383
2018-10-23,Monkey Portfolios,p_261,-0.05435260223626137,8.414245419864075
2018-10-23,Monkey Portfolios,p_262,-0.018254496281770893,7.432937910603123
2018-10-23,Monkey Portfolios,p_263,-0.09587789225451893,7.848577899233597
2018-10-23,Monkey Portfolios,p_264,-0.0936205613889396,8.5942148012583
2018-10-23,Monkey Portfolios,p_265,-0.061111089709742106,8.292633880842207
2018-10-23,Monkey Portfolios,p_266,-0.11804205478355312,9.488276283659209
2018-10-23,Monkey Portfolios,p_267,-0.057741892322987654,8.41223641110277
2018-10-23,Monkey Portfolios,p_268,-0.032471521194494146,7.424948297529734
2018-10-23,Monkey Portfolios,p_269,-0.04774080574669037,7.6126515673719
2018-10-23,Monkey Portfolios,p_270,-0.0046911697040048495,9.256567275312065
2018-10-23,Monkey Portfolios,p_271,-0.0377805189970889,7.616116047398224
2018-10-23,Monkey Portfolios,p_272,-0.13381329547394194,8.767478285077951
2018-10-23,Monkey Portfolios,p_273,-0.06522444185546095,8.682813086699616
2018-10-23,Monkey Portfolios,p_274,-0.018265772383590395,7.955465491747308
2018-10-23,Monkey Portfolios,p_275,-0.09890946453210636,8.527561543373581
2018-10-23,Monkey Portfolios,p_276,-0.10781208268399112,8.318295373043057
2018-10-23,Monkey Portfolios,p_277,-0.1358316145220687,8.164145462133726
2018-10-23,Monkey Portfolios,p_278,-0.13542304833796293,8.190993949822717
2018-10-23,Monkey Portfolios,p_279,-0.13084954848350128,9.532381539884534
2018-10-23,Monkey Portfolios,p_280,-0.07991584970345056,8.612055741861113
2018-10-23,Monkey Portfolios,p_281,-0.12678725837226534,8.886047443384696
2018-10-23,Monkey Portfolios,p_282,-0.03786446047107994,8.047057559084665
2018-10-23,Monkey Portfolios,p_283,-0.07420233565236356,7.900894175829083
2018-10-23,Monkey Portfolios,p_284,-0.1786877071627041,8.7291787605329
2018-10-23,Monkey Portfolios,p_285,-0.016972956149998608,7.790121511095276
2018-10-23,Monkey Portfolios,p_286,-0.04066555376783254,7.386370564916925
2018-10-23,Monkey Portfolios,p_287,-0.0027581405715619844,7.7123788029925855
2018-10-23,Monkey Portfolios,p_288,-0.09420258364721401,7.860348361979626
2018-10-23,Monkey Portfolios,p_289,-0.0773811341452264,8.707265245420563
2018-10-23,Monkey Portfolios,p_290,-0.07642269545741698,9.048321666536125
2018-10-23,Monkey Portfolios,p_291,-0.10157156030629788,8.437990768287209
2018-10-23,Monkey Portfolios,p_292,-0.02807723728000089,7.751956072527349
2018-10-23,Monkey Portfolios,p_293,-0.0016992851718214963,9.110697990505237
2018-10-23,Monkey Portfolios,p_294,-0.07227215474834181,8.721122127921989
2018-10-23,Monkey Portfolios,p_295,-0.07582536201791257,8.446730026110968
2018-10-23,Monkey Portfolios,p_296,-0.01319699789806661,8.081965740948785
2018-10-23,Monkey Portfolios,p_297,-0.05139673625626706,7.661012975954786
2018-10-23,Monkey Portfolios,p_298,-0.16043107627138709,8.400944464112271
2018-10-23,Monkey Portfolios,p_299,-0.09437016868246739,9.250811962368562
2018-10-23,Monkey Portfolios,p_300,-0.09533464982156648,7.890830147898137
2018-10-23,Monkey Portfolios,p_301,-0.011230068929146575,8.433272464953461
2018-10-23,Monkey Portfolios,p_302,-0.0551104178359354,8.17072237941953
2018-10-23,Monkey Portfolios,p_303,-0.07771251972877524,8.633179349629934
2018-10-23,Monkey Portfolios,p_304,-0.07991619821117601,9.53539569209616
2018-10-23,Monkey Portfolios,p_305,-0.11163303088752707,8.925397676292933
2018-10-23,Monkey Portfolios,p_306,-0.11139105543624528,8.421531464020008
2018-10-23,Monkey Portfolios,p_307,-0.09933965334303896,8.727192134743712
2018-10-23,Monkey Portfolios,p_308,-0.19942401901910856,8.743232438388064
2018-10-23,Monkey Portfolios,p_309,-0.04612488472170484,7.760975789547805
2018-10-23,Monkey Portfolios,p_310,-0.10198460964860179,8.53065538251139
2018-10-23,Monkey Portfolios,p_311,-0.12651195473675148,8.215879319728701
2018-10-23,Monkey Portfolios,p_312,0.0007199177958949754,8.577586611297912
2018-10-23,Monkey Portfolios,p_313,-0.05012553326593727,7.312256567615554
2018-10-23,Monkey Portfolios,p_314,-0.10767434138198695,9.24916662849869
2018-10-23,Monkey Portfolios,p_315,-0.03891308967251117,8.471479329067778
2018-10-23,Monkey Portfolios,p_316,-0.09887365756415134,7.820390820635747
2018-10-23,Monkey Portfolios,p_317,-0.05414895902246841,8.254467988811738
2018-10-23,Monkey Portfolios,p_318,-0.04075236278879357,8.829026290120284
2018-10-23,Monkey Portfolios,p_319,-0.09489752488835124,9.224735689795407
2018-10-23,Monkey Portfolios,p_320,-0.15931547612213837,8.58285193263483
2018-10-23,Monkey Portfolios,p_321,-0.005208762679582257,7.705547734966413
2018-10-23,Monkey Portfolios,p_322,-0.025670685938720128,8.296278015645758
2018-10-23,Monkey Portfolios,p_323,-0.13684533315656933,9.410966420334061
2018-10-23,Monkey Portfolios,p_324,-0.10029014002169245,8.92692925737693
2018-10-23,Monkey Portfolios,p_325,-0.03406586714709747,8.711247726237454
2018-10-23,Monkey Portfolios,p_326,-0.0071495443708026185,8.990892657439591
2018-10-23,Monkey Portfolios,p_327,-0.07009785248080724,8.307025330828997
2018-10-23,Monkey Portfolios,p_328,-0.08604821112770544,8.16591388570693
2018-10-23,Monkey Portfolios,p_329,-0.037661294576463056,8.62226673766993
2018-10-23,Monkey Portfolios,p_330,-0.04081604663293803,9.432550757909771
2018-10-23,Monkey Portfolios,p_331,-0.06296107132345674,9.09787903416186
2018-10-23,Monkey Portfolios,p_332,-0.02227954317169134,7.6956985794755814
2018-10-23,Monkey Portfolios,p_333,-0.19982426697128353,9.051592152099545
2018-10-23,Monkey Portfolios,p_334,-0.1192359412075703,8.987829311758087
2018-10-23,Monkey Portfolios,p_335,-0.1456827516276289,9.291968461432985
2018-10-23,Monkey Portfolios,p_336,-0.06074807037954022,8.211758135198387
2018-10-23,Monkey Portfolios,p_337,-0.07282789803034695,9.243634415896071
2018-10-23,Monkey Portfolios,p_338,-0.1380172628401647,7.743643851841558
2018-10-23,Monkey Portfolios,p_339,-0.1268722459173558,8.407683285899362
2018-10-23,Monkey Portfolios,p_340,-0.06658023876751396,9.45734352309095
2018-10-23,Monkey Portfolios,p_341,-0.14384229101167,8.262693129308078
2018-10-23,Monkey Portfolios,p_342,-0.06446228667649234,9.194158118224541
2018-10-23,Monkey Portfolios,p_343,-0.15564460602086616,8.435235993804131
2018-10-23,Monkey Portfolios,p_344,-0.1101152317753733,8.581743291527957
2018-10-23,Monkey Portfolios,p_345,-0.1285856957877296,9.054010045533772
2018-10-23,Monkey Portfolios,p_346,-0.1305458693855036,8.992605979851948
2018-10-23,Monkey Portfolios,p_347,-0.1197758763780905,7.9419007644604225
2018-10-23,Monkey Portfolios,p_348,-0.07895151137796141,8.093328192165886
2018-10-23,Monkey Portfolios,p_349,-0.028156481525658195,9.233099485023102
2018-10-23,Monkey Portfolios,p_350,-0.06597738723882784,7.633399144936902
2018-10-23,Monkey Portfolios,p_351,-0.16682487825456926,8.087783056823262
2018-10-23,Monkey Portfolios,p_352,-0.12371253907935176,7.9537991248557
2018-10-23,Monkey Portfolios,p_353,0.010656382024238464,8.073983251336195
2018-10-23,Monkey Portfolios,p_354,-0.04437884187891217,7.075865170092703
2018-10-23,Monkey Portfolios,p_355,-0.0027002388863769378,8.267006906382898
2018-10-23,Monkey Portfolios,p_356,-0.05023328995388976,7.491002112513115
2018-10-23,Monkey Portfolios,p_357,-0.05206409693677805,8.168957475253293
2018-10-23,Monkey Portfolios,p_358,-0.07826953005971382,8.092990777669645
2018-10-23,Monkey Portfolios,p_359,-0.13082145850357074,8.893928788903175
2018-10-23,Monkey Portfolios,p_360,-0.055655767839736026,8.12921354719799
2018-10-23,Monkey Portfolios,p_361,-0.06326775689234909,8.315423286711537
2018-10-23,Monkey Portfolios,p_362,-0.06918189146112785,8.323455449729272
2018-10-23,Monkey Portfolios,p_363,-0.1565291658604061,7.859017814242406
2018-10-23,Monkey Portfolios,p_364,-0.07653362008524145,8.103095919063193
2018-10-23,Monkey Portfolios,p_365,-0.12986542031256154,8.149721147389862
2018-10-23,Monkey Portfolios,p_366,0.042960196813584206,8.208504060136683
2018-10-23,Monkey Portfolios,p_367,-0.06519540453492556,8.185853694342109
2018-10-23,Monkey Portfolios,p_368,-0.04342799586264445,8.510860876164749
2018-10-23,Monkey Portfolios,p_369,-0.17252180709825282,9.329392665386981
2018-10-23,Monkey Portfolios,p_370,-0.09144421890044307,9.019866662829646
2018-10-23,Monkey Portfolios,p_371,-0.08450359845264555,8.962130262537274
2018-10-23,Monkey Portfolios,p_372,-0.13408731485250913,8.668320067769617
2018-10-23,Monkey Portfolios,p_373,-0.0834103484025821,8.550283285998917
2018-10-23,Monkey Portfolios,p_374,-0.0738855596024458,8.014923573736159
2018-10-23,Monkey Portfolios,p_375,-0.1478215372256022,8.02489074394218
2018-10-23,Monkey Portfolios,p_376,-0.07050818210129917,8.77778582748728
2018-10-23,Monkey Portfolios,p_377,-0.051179450941777116,8.550529135027208
2018-10-23,Monkey Portfolios,p_378,-0.08841714153390845,7.3833486952720655
2018-10-23,Monkey Portfolios,p_379,-0.0038575222253528496,8.482200105143676
2018-10-23,Monkey Portfolios,p_380,-0.14254142567090422,8.33663285676139
2018-10-23,Monkey Portfolios,p_381,-0.07652513350385082,8.09761222127442
2018-10-23,Monkey Portfolios,p_382,0.012991774144861523,7.271948731244334
2018-10-23,Monkey Portfolios,p_383,-0.1298062592631828,9.421545745013656
2018-10-23,Monkey Portfolios,p_384,-0.03313212964495682,7.537478821182649
2018-10-23,Monkey Portfolios,p_385,-0.10425249624288668,7.9452890169126595
2018-10-23,Monkey Portfolios,p_386,-0.114875473673553,8.405429391916746
2018-10-23,Monkey Portfolios,p_387,-0.09200477113895333,7.598025022860175
2018-10-23,Monkey Portfolios,p_388,-0.18078360520988568,8.332765133557272
2018-10-23,Monkey Portfolios,p_389,-0.07392900973095351,9.39965983837714
2018-10-23,Monkey Portfolios,p_390,-0.019721682433719856,8.87299610469211
2018-10-23,Monkey Portfolios,p_391,-0.0449454960270691,7.015543319005209
2018-10-23,Monkey Portfolios,p_392,-0.1450475471024838,8.932125710622943
2018-10-23,Monkey Portfolios,p_393,-0.07727031194563538,8.840680847462666
2018-10-23,Monkey Portfolios,p_394,-0.013459182772690426,8.098997919871039
2018-10-23,Monkey Portfolios,p_395,-0.09220374778710938,8.648597101061554
2018-10-23,Monkey Portfolios,p_396,-0.059641816349008114,7.776728955514449
2018-10-23,Monkey Portfolios,p_397,-0.013894266015954893,7.393896390364155
2018-10-23,Monkey Portfolios,p_398,-0.03249573633150005,8.398736781384414
2018-10-23,Monkey Portfolios,p_399,0.022843067773316017,7.858110570342114
2018-10-23,Monkey Portfolios,p_400,-0.043933304152598995,8.482548824353
2018-10-23,Monkey Portfolios,p_401,-0.028019082951065144,7.274681434391614
2018-10-23,Monkey Portfolios,p_402,-0.10700605413282682,8.011959876978924
2018-10-23,Monkey Portfolios,p_403,-0.05676625043752259,8.287774877448758
2018-10-23,Monkey Portfolios,p_404,-0.020763001818317917,8.480323988556918
2018-10-23,Monkey Portfolios,p_405,-0.16966814373323458,8.582089011451103
2018-10-23,Monkey Portfolios,p_406,-0.0927227256193881,8.708996405480326
2018-10-23,Monkey Portfolios,p_407,-0.058733155472633025,7.8488402347333635
2018-10-23,Monkey Portfolios,p_408,-0.135851486851566,9.038451840543658
2018-10-23,Monkey Portfolios,p_409,-0.17635754249009028,8.69936320632923
2018-10-23,Monkey Portfolios,p_410,-0.08958444384399888,7.72753887364192
2018-10-23,Monkey Portfolios,p_411,-0.10443230969657336,8.577354374077599
2018-10-23,Monkey Portfolios,p_412,-0.1445788707496265,9.160030670789796
2018-10-23,Monkey Portfolios,p_413,-0.15001021396520187,8.676575671514438
2018-10-23,Monkey Portfolios,p_414,-0.09145738371700951,8.63170574264066
2018-10-23,Monkey Portfolios,p_415,-0.10867026975666716,8.711991183841194
2018-10-23,Monkey Portfolios,p_416,0.0065055854509601385,8.330312138854609
2018-10-23,Monkey Portfolios,p_417,-0.03540982451877661,8.975533022021388
2018-10-23,Monkey Portfolios,p_418,-0.06358024709519028,8.040179485326904
2018-10-23,Monkey Portfolios,p_419,-0.022094561826680015,7.659530665175604
2018-10-23,Monkey Portfolios,p_420,-0.08940399546889011,7.865104677068021
2018-10-23,Monkey Portfolios,p_421,-0.07155196444265999,8.306115163320788
2018-10-23,Monkey Portfolios,p_422,-0.14800650395517279,8.938752651266228
2018-10-23,Monkey Portfolios,p_423,-0.11204559009465587,8.360241059938708
2018-10-23,Monkey Portfolios,p_424,-0.1202362120671695,8.24232428182691
2018-10-23,Monkey Portfolios,p_425,-0.1169481549163226,8.667169927280296
2018-10-23,Monkey Portfolios,p_426,-0.15824849704323862,8.076263267917371
2018-10-23,Monkey Portfolios,p_427,-0.07249326434304748,8.997575484914266
2018-10-23,Monkey Portfolios,p_428,-0.1249945688662516,7.29633420709669
2018-10-23,Monkey Portfolios,p_429,-0.03704117830619702,8.732492570597694
2018-10-23,Monkey Portfolios,p_430,-0.06251993425126934,8.502965913787511
2018-10-23,Monkey Portfolios,p_431,-0.1020547061390833,7.318125942133242
2018-10-23,Monkey Portfolios,p_432,0.01910420822391301,8.077122840121262
2018-10-23,Monkey Portfolios,p_433,-0.03977462681754396,8.079847599555913
2018-10-23,Monkey Portfolios,p_434,-0.07188188350451263,8.841885371146144
2018-10-23,Monkey Portfolios,p_435,-0.11840784701329377,8.298162473048755
2018-10-23,Monkey Portfolios,p_436,-0.05262204864733355,8.582566631822976
2018-10-23,Monkey Portfolios,p_437,-0.08711825049843613,8.542172009350546
2018-10-23,Monkey Portfolios,p_438,0.014507732297637688,8.912703512683853
2018-10-23,Monkey Portfolios,p_439,-0.11717423519692871,8.271514288192323
2018-10-23,Monkey Portfolios,p_440,-0.10290559838167035,8.18193380350896
2018-10-23,Monkey Portfolios,p_441,-0.06541524046710745,8.392598739679075
2018-10-23,Monkey Portfolios,p_442,-0.07133786025179101,8.592737130589658
2018-10-23,Monkey Portfolios,p_443,-0.025473915061636432,7.21266502525927
2018-10-23,Monkey Portfolios,p_444,0.034604310161537866,8.304116404594346
2018-10-23,Monkey Portfolios,p_445,-0.06919819959424434,8.158635105549388
2018-10-23,Monkey Portfolios,p_446,-0.07856911381958498,7.950391184637869
2018-10-23,Monkey Portfolios,p_447,-0.08356198588461172,8.26856498393927
2018-10-23,Monkey Portfolios,p_448,-0.122788624167528,9.141902651899729
2018-10-23,Monkey Portfolios,p_449,0.06448330687783299,8.873824483233863
2018-10-23,Monkey Portfolios,p_450,-0.0974240711732598,8.067548423550166
2018-10-23,Monkey Portfolios,p_451,-0.08527141397422944,8.261752056805474
2018-10-23,Monkey Portfolios,p_452,0.005365518133166658,7.7592235068332425
2018-10-23,Monkey Portfolios,p_453,-0.03308980409279216,7.838527585818745
2018-10-23,Monkey Portfolios,p_454,-0.053619351406971494,8.027907863772326
2018-10-23,Monkey Portfolios,p_455,-0.03782995466387207,9.062393094966376
2018-10-23,Monkey Portfolios,p_456,-0.07002095091804406,8.7948481720526
2018-10-23,Monkey Portfolios,p_457,-0.1355583297518913,8.296093420420968
2018-10-23,Monkey Portfolios,p_458,-0.1804207845927691,8.76120920927832
2018-10-23,Monkey Portfolios,p_459,-0.1328879220887902,7.906872917161838
2018-10-23,Monkey Portfolios,p_460,-0.004137446695879454,7.8663925938776575
2018-10-23,Monkey Portfolios,p_461,-0.0634569391608234,8.009644986415626
2018-10-23,Monkey Portfolios,p_462,-0.00814712932760242,7.887299139201641
2018-10-23,Monkey Portfolios,p_463,-0.050281027994007466,7.207380516597645
2018-10-23,Monkey Portfolios,p_464,-0.031430058114715664,8.341357283688703
2018-10-23,Monkey Portfolios,p_465,-0.14101464910261663,9.216690844956426
2018-10-23,Monkey Portfolios,p_466,-0.13022250649067146,8.53754582763177
2018-10-23,Monkey Portfolios,p_467,0.02771921106303643,7.959468876605438
2018-10-23,Monkey Portfolios,p_468,-0.0003863102801523466,7.604829955062616
2018-10-23,Monkey Portfolios,p_469,-0.12498550058270796,8.272304912815864
2018-10-23,Monkey Portfolios,p_470,-0.06972014451712705,7.419109321372734
2018-10-23,Monkey Portfolios,p_471,-0.08231007832443915,8.98842078195616
2018-10-23,Monkey Portfolios,p_472,-0.09620888176562359,8.131740427555968
2018-10-23,Monkey Portfolios,p_473,-0.015232550419818192,7.757540204832351
2018-10-23,Monkey Portfolios,p_474,-0.03768593634395723,8.63473859757461
2018-10-23,Monkey Portfolios,p_475,0.008539657863200212,7.913042928810119
2018-10-23,Monkey Portfolios,p_476,-0.08004387113559497,8.329692944114077
2018-10-23,Monkey Portfolios,p_477,-0.11469616331010835,8.125023537250625
2018-10-23,Monkey Portfolios,p_478,-0.09393611950289948,8.880083639871254
2018-10-23,Monkey Portfolios,p_479,-0.08033512955918476,9.320898592890545
2018-10-23,Monkey Portfolios,p_480,-0.10099897092466859,7.489712369711155
2018-10-23,Monkey Portfolios,p_481,-0.09733848137792522,8.112187112948702
2018-10-23,Monkey Portfolios,p_482,-0.05588350632255701,9.042990762189987
2018-10-23,Monkey Portfolios,p_483,-0.018288780431340856,7.781013722644072
2018-10-23,Monkey Portfolios,p_484,0.04749939813893622,8.418106757581507
2018-10-23,Monkey Portfolios,p_485,-0.07873185128263804,7.997100801086455
2018-10-23,Monkey Portfolios,p_486,0.01851992044808859,8.065658479325922
2018-10-23,Monkey Portfolios,p_487,-0.12702494603601122,9.234705234124043
2018-10-23,Monkey Portfolios,p_488,-0.1401906490639211,9.59953682444575
2018-10-23,Monkey Portfolios,p_489,-0.13690110146744205,8.642910912766055
2018-10-23,Monkey Portfolios,p_490,-0.06103833720247487,8.33650800432473
2018-10-23,Monkey Portfolios,p_491,0.016613572318522563,7.8888949885490804
2018-10-23,Monkey Portfolios,p_492,-0.03532089493964108,7.824512140359584
2018-10-23,Monkey Portfolios,p_493,-0.07879983073348229,8.473731919249252
2018-10-23,Monkey Portfolios,p_494,-0.09461806700258091,8.291057691123825
2018-10-23,Monkey Portfolios,p_495,-0.030408980514962325,8.904249208876708
2018-10-23,Monkey Portfolios,p_496,-0.08425772201430182,8.46900687715849
2018-10-23,Monkey Portfolios,p_497,-0.02349179475683172,8.394946764683759
2018-10-23,Monkey Portfolios,p_498,-0.06667618042646362,7.578793574890569
2018-10-23,Monkey Portfolios,p_499,-0.12074127497171339,7.5021166327116555
2018-10-24,Monkey Portfolios,p_0,-0.09009084885032603,9.097987051297414
2018-10-24,Monkey Portfolios,p_1,-0.09950760919407975,8.959195228541262
2018-10-24,Monkey Portfolios,p_2,-0.1501632211328422,8.07991026509173
2018-10-24,Monkey Portfolios,p_3,-0.16720872658448893,9.059616583840324
2018-10-24,Monkey Portfolios,p_4,-0.09983932820113794,8.299779759133031
2018-10-24,Monkey Portfolios,p_5,-0.04299713333497901,8.235416047984604
2018-10-24,Monkey Portfolios,p_6,-0.10883228637618314,9.345033760041783
2018-10-24,Monkey Portfolios,p_7,-0.23023970104792313,8.350857763952023
2018-10-24,Monkey Portfolios,p_8,-0.014576829187219698,8.790948256383023
2018-10-24,Monkey Portfolios,p_9,-0.1422465128675986,8.306847537501895
2018-10-24,Monkey Portfolios,p_10,-0.055577902817231295,8.236344295877142
2018-10-24,Monkey Portfolios,p_11,-0.08515185869566833,8.136167910216841
2018-10-24,Monkey Portfolios,p_12,-0.0797195800134165,7.723480415091353
2018-10-24,Monkey Portfolios,p_13,-0.07234330945265832,8.982590636139392
2018-10-24,Monkey Portfolios,p_14,-0.03411312739017036,7.966354875099054
2018-10-24,Monkey Portfolios,p_15,-0.10985466240714814,8.505732453831008
2018-10-24,Monkey Portfolios,p_16,-0.09641968401160428,8.213788594828928
2018-10-24,Monkey Portfolios,p_17,-0.07715411449004139,8.24464297275978
2018-10-24,Monkey Portfolios,p_18,0.005692440926168274,7.259053184503605
2018-10-24,Monkey Portfolios,p_19,-0.10363857470898408,8.159602087122899
2018-10-24,Monkey Portfolios,p_20,-0.04073359224250095,8.17895917725774
2018-10-24,Monkey Portfolios,p_21,-0.1572481248462244,8.683646354560365
2018-10-24,Monkey Portfolios,p_22,0.004470162266924982,7.687531070356405
2018-10-24,Monkey Portfolios,p_23,-0.08786544848043554,9.58590716724796
2018-10-24,Monkey Portfolios,p_24,-0.20457962047306022,9.474429764812616
2018-10-24,Monkey Portfolios,p_25,-0.06808472786788167,8.796280759642235
2018-10-24,Monkey Portfolios,p_26,-0.06831565820159757,8.216056372857357
2018-10-24,Monkey Portfolios,p_27,-0.07502933795092637,8.819229939513443
2018-10-24,Monkey Portfolios,p_28,-0.08465111662429314,7.957897152760238
2018-10-24,Monkey Portfolios,p_29,-0.08089899374516729,8.078167583285945
2018-10-24,Monkey Portfolios,p_30,0.017458700912047043,8.158601503640826
2018-10-24,Monkey Portfolios,p_31,-0.09117002939104446,9.365824382105243
2018-10-24,Monkey Portfolios,p_32,-0.06339213061927207,8.587676363561654
2018-10-24,Monkey Portfolios,p_33,-0.045726938818319685,8.418905597531257
2018-10-24,Monkey Portfolios,p_34,-0.06857482625973632,8.961746549149234
2018-10-24,Monkey Portfolios,p_35,-0.07682021337431943,9.029757777803717
2018-10-24,Monkey Portfolios,p_36,-0.19375359185790997,8.912528093348401
2018-10-24,Monkey Portfolios,p_37,-0.09596009295004793,8.616113185394575
2018-10-24,Monkey Portfolios,p_38,-0.11699751920556833,7.788775639522729
2018-10-24,Monkey Portfolios,p_39,-0.0854348718288429,7.882895954552506
2018-10-24,Monkey Portfolios,p_40,-0.10142041064959784,8.888359476518685
2018-10-24,Monkey Portfolios,p_41,-0.14569951329383724,8.193097687094951
2018-10-24,Monkey Portfolios,p_42,-0.09228702147073542,8.117407893283994
2018-10-24,Monkey Portfolios,p_43,-0.10356354324296668,7.694223094401525
2018-10-24,Monkey Portfolios,p_44,-0.0604473028363971,7.614550720493372
2018-10-24,Monkey Portfolios,p_45,-0.07670807198170404,8.170359547073199
2018-10-24,Monkey Portfolios,p_46,-0.09574732056677882,8.688519036647625
2018-10-24,Monkey Portfolios,p_47,0.01924091608124967,8.111786572535484
2018-10-24,Monkey Portfolios,p_48,-0.08640898718293422,8.555325472181742
2018-10-24,Monkey Portfolios,p_49,-0.02536412047028047,7.84717591995937
2018-10-24,Monkey Portfolios,p_50,-0.06560025342720177,8.440224779340562
2018-10-24,Monkey Portfolios,p_51,-0.09415952516700388,8.809021209860534
2018-10-24,Monkey Portfolios,p_52,-0.11600781975347207,8.93939865980297
2018-10-24,Monkey Portfolios,p_53,-0.080179434438854,8.958313563139406
2018-10-24,Monkey Portfolios,p_54,-0.06540805691219276,9.353248966045678
2018-10-24,Monkey Portfolios,p_55,-0.03117528423556415,7.1231230739809765
2018-10-24,Monkey Portfolios,p_56,-0.11834863140725083,8.033587207645391
2018-10-24,Monkey Portfolios,p_57,-0.07332733301659988,8.300913139921931
2018-10-24,Monkey Portfolios,p_58,-0.10182577880334542,8.643797005475369
2018-10-24,Monkey Portfolios,p_59,-0.12569533661205412,8.537583787058585
2018-10-24,Monkey Portfolios,p_60,-0.1274399330957987,8.739408216794526
2018-10-24,Monkey Portfolios,p_61,-0.12023468717141084,9.160767043556374
2018-10-24,Monkey Portfolios,p_62,-0.10965877601126384,8.037651629679253
2018-10-24,Monkey Portfolios,p_63,-0.05993116501354012,8.195971150858227
2018-10-24,Monkey Portfolios,p_64,-0.13741421176113333,7.856379149586553
2018-10-24,Monkey Portfolios,p_65,-0.06780009284701727,7.7009328063073035
2018-10-24,Monkey Portfolios,p_66,-0.021240898214834103,8.598789742653098
2018-10-24,Monkey Portfolios,p_67,-0.038518387123517184,8.128417310292205
2018-10-24,Monkey Portfolios,p_68,-0.028597542811099164,7.3898107790786405
2018-10-24,Monkey Portfolios,p_69,-0.05189767587851968,8.766366740188131
2018-10-24,Monkey Portfolios,p_70,-0.07851960498665478,7.828296349862139
2018-10-24,Monkey Portfolios,p_71,-0.06151112342979348,9.565731939984346
2018-10-24,Monkey Portfolios,p_72,-0.15488906866974483,8.21787050523219
2018-10-24,Monkey Portfolios,p_73,-0.0813530302910681,7.976231658966374
2018-10-24,Monkey Portfolios,p_74,-0.06067627176123436,8.423595749035606
2018-10-24,Monkey Portfolios,p_75,-0.1273709212107219,7.853817983557033
2018-10-24,Monkey Portfolios,p_76,-0.040672412530124324,7.68760863465393
2018-10-24,Monkey Portfolios,p_77,-0.08137461388068412,8.693837576771637
2018-10-24,Monkey Portfolios,p_78,-0.05709279973747006,7.514846019145341
2018-10-24,Monkey Portfolios,p_79,-0.10845328895885775,8.522187112087693
2018-10-24,Monkey Portfolios,p_80,-0.08949273102232469,8.396588763019306
2018-10-24,Monkey Portfolios,p_81,-0.06115082024940688,8.004308219776947
2018-10-24,Monkey Portfolios,p_82,-0.15646150169496187,8.730983569021863
2018-10-24,Monkey Portfolios,p_83,-0.08019916182717501,7.542276557914683
2018-10-24,Monkey Portfolios,p_84,-0.17708277526495209,7.870126779153751
2018-10-24,Monkey Portfolios,p_85,-0.1670980697296075,8.442561878070466
2018-10-24,Monkey Portfolios,p_86,-0.07738518347972556,8.114503278564392
2018-10-24,Monkey Portfolios,p_87,-0.08994897612557617,8.149358783026972
2018-10-24,Monkey Portfolios,p_88,-0.1559686981381564,7.822407418586846
2018-10-24,Monkey Portfolios,p_89,0.034672927985817115,8.213640750219678
2018-10-24,Monkey Portfolios,p_90,-0.09150180266745056,8.710528692605154
2018-10-24,Monkey Portfolios,p_91,-0.040469775035450795,9.047591516235457
2018-10-24,Monkey Portfolios,p_92,-0.11450946363110248,8.271455108627235
2018-10-24,Monkey Portfolios,p_93,-0.0809304968776311,7.856937663482805
2018-10-24,Monkey Portfolios,p_94,-0.03587895035917932,9.801128148751888
2018-10-24,Monkey Portfolios,p_95,-0.08056116397698676,8.244486657893356
2018-10-24,Monkey Portfolios,p_96,-0.08279230644095448,7.913245178115753
2018-10-24,Monkey Portfolios,p_97,-0.09131816303766682,8.17697038273957
2018-10-24,Monkey Portfolios,p_98,-0.06840801189956391,8.432188130776272
2018-10-24,Monkey Portfolios,p_99,-0.12016133364057813,9.454284088659737
2018-10-24,Monkey Portfolios,p_100,-0.08283663630588123,7.920084279773497
2018-10-24,Monkey Portfolios,p_101,-0.07386309050961615,8.571526025351663
2018-10-24,Monkey Portfolios,p_102,-0.09370299074559629,8.434145865581947
2018-10-24,Monkey Portfolios,p_103,-0.033048633842418074,7.4648651348933655
2018-10-24,Monkey Portfolios,p_104,-0.06673935447837165,8.24931193402677
2018-10-24,Monkey Portfolios,p_105,-0.09469458670076991,8.89805723746183
2018-10-24,Monkey Portfolios,p_106,-0.02940445667970537,7.682350902987339
2018-10-24,Monkey Portfolios,p_107,-0.06557122918946678,7.927104578300653
2018-10-24,Monkey Portfolios,p_108,-0.09323524405513783,9.345276695648508
2018-10-24,Monkey Portfolios,p_109,-0.06695160326279181,7.85182699762657
2018-10-24,Monkey Portfolios,p_110,-0.11580839891775296,7.733195952708694
2018-10-24,Monkey Portfolios,p_111,-0.12355685088501689,8.699565504059002
2018-10-24,Monkey Portfolios,p_112,-0.050591952915106875,8.65745889285567
2018-10-24,Monkey Portfolios,p_113,-0.06530576884282913,8.209298171748532
2018-10-24,Monkey Portfolios,p_114,-0.04403242727364609,8.33195307107089
2018-10-24,Monkey Portfolios,p_115,0.05916762959288557,7.938439562573566
2018-10-24,Monkey Portfolios,p_116,-0.09433752439545706,9.317964863298622
2018-10-24,Monkey Portfolios,p_117,-0.005746478272829703,7.245950856917076
2018-10-24,Monkey Portfolios,p_118,-0.13939821091869353,8.606389356608084
2018-10-24,Monkey Portfolios,p_119,-0.13330370041464923,8.189249046302935
2018-10-24,Monkey Portfolios,p_120,-0.10263646630868839,8.301607070733283
2018-10-24,Monkey Portfolios,p_121,-0.06497335682884509,9.306199183229815
2018-10-24,Monkey Portfolios,p_122,-0.19600488040868502,8.813491703311856
2018-10-24,Monkey Portfolios,p_123,-0.016289807955144897,7.781081436831981
2018-10-24,Monkey Portfolios,p_124,-0.10898300737522726,7.9991122941190795
2018-10-24,Monkey Portfolios,p_125,-0.11873429096992205,8.515990163323915
2018-10-24,Monkey Portfolios,p_126,-0.06280307641620775,7.715579094332383
2018-10-24,Monkey Portfolios,p_127,-0.15304364201540588,8.808541586706262
2018-10-24,Monkey Portfolios,p_128,-0.06711125455547418,7.972616813533767
2018-10-24,Monkey Portfolios,p_129,-0.07266637510660134,9.331630510437982
2018-10-24,Monkey Portfolios,p_130,-0.041860963890259284,8.645311497448997
2018-10-24,Monkey Portfolios,p_131,-0.15101571152997395,8.299221075180222
2018-10-24,Monkey Portfolios,p_132,-0.14047480941350476,7.818205659411772
2018-10-24,Monkey Portfolios,p_133,-0.1210860169889445,9.743558023683184
2018-10-24,Monkey Portfolios,p_134,-0.02468463582214242,8.88778592366079
2018-10-24,Monkey Portfolios,p_135,-0.011174505705484505,8.091993146160993
2018-10-24,Monkey Portfolios,p_136,-0.04737559848196771,7.8796096414219505
2018-10-24,Monkey Portfolios,p_137,-0.0446844679945515,8.416064053236253
2018-10-24,Monkey Portfolios,p_138,-0.058890475917927176,8.141000685051756
2018-10-24,Monkey Portfolios,p_139,-0.12956830370507189,7.909246632265575
2018-10-24,Monkey Portfolios,p_140,-0.04431342758215062,8.567147540625013
2018-10-24,Monkey Portfolios,p_141,-0.09633738806118686,8.670827892619874
2018-10-24,Monkey Portfolios,p_142,-0.21197784588839375,9.301857046380015
2018-10-24,Monkey Portfolios,p_143,-0.03959112123876618,7.266926242704754
2018-10-24,Monkey Portfolios,p_144,-0.10026418253572988,8.578635421182584
2018-10-24,Monkey Portfolios,p_145,-0.14733765939890464,9.177618930420087
2018-10-24,Monkey Portfolios,p_146,0.008383931433944891,8.016173880869502
2018-10-24,Monkey Portfolios,p_147,-0.07638722047421331,8.244735752592906
2018-10-24,Monkey Portfolios,p_148,-0.023813177971549915,8.285162318996647
2018-10-24,Monkey Portfolios,p_149,-0.11857364621812205,8.499975208078563
2018-10-24,Monkey Portfolios,p_150,-0.1424563212250467,8.502176590352095
2018-10-24,Monkey Portfolios,p_151,-0.10202906540066459,9.342538229665843
2018-10-24,Monkey Portfolios,p_152,-0.031765104834805435,7.666027468986255
2018-10-24,Monkey Portfolios,p_153,-0.08993691172652196,8.298914237833491
2018-10-24,Monkey Portfolios,p_154,-0.11878647402391529,9.152977715971625
2018-10-24,Monkey Portfolios,p_155,-0.1421689024572449,8.253093133473076
2018-10-24,Monkey Portfolios,p_156,-0.0768682508256896,8.34904772283319
2018-10-24,Monkey Portfolios,p_157,-0.14786579114905296,8.154737591375474
2018-10-24,Monkey Portfolios,p_158,-0.08697986689552051,8.503641265035773
2018-10-24,Monkey Portfolios,p_159,-0.0630304712301607,8.351465169181175
2018-10-24,Monkey Portfolios,p_160,-0.015959412180528876,8.296321564877747
2018-10-24,Monkey Portfolios,p_161,0.010242423462850647,8.518356161793658
2018-10-24,Monkey Portfolios,p_162,-0.09915984255661692,9.43224577983183
2018-10-24,Monkey Portfolios,p_163,-0.10129395677208841,8.072253893995777
2018-10-24,Monkey Portfolios,p_164,-0.03501404231246252,8.229709640693827
2018-10-24,Monkey Portfolios,p_165,-0.11580063358967352,9.048622716049943
2018-10-24,Monkey Portfolios,p_166,-0.0799684956268023,8.054678827419979
2018-10-24,Monkey Portfolios,p_167,-0.14503422990319936,8.88904303384647
2018-10-24,Monkey Portfolios,p_168,-0.09755297681030806,8.160220694221
2018-10-24,Monkey Portfolios,p_169,-0.10281278272842642,8.450114173104014
2018-10-24,Monkey Portfolios,p_170,-0.0356746977161112,9.276863515731153
2018-10-24,Monkey Portfolios,p_171,-0.0986491543963981,9.238015426723548
2018-10-24,Monkey Portfolios,p_172,-0.07635340553342351,8.631896922386971
2018-10-24,Monkey Portfolios,p_173,-0.10417142789239542,8.501171275636835
2018-10-24,Monkey Portfolios,p_174,-0.05971376089602609,8.629330324033795
2018-10-24,Monkey Portfolios,p_175,3.606207460782329e-05,9.146127480462988
2018-10-24,Monkey Portfolios,p_176,-0.16901246888266963,9.198063387989539
2018-10-24,Monkey Portfolios,p_177,-0.021325329570561657,8.864551281531478
2018-10-24,Monkey Portfolios,p_178,-0.03979344713510946,7.855618414846541
2018-10-24,Monkey Portfolios,p_179,-0.0592424210046163,9.59659345784835
2018-10-24,Monkey Portfolios,p_180,-0.10211095404464254,8.861340688884011
2018-10-24,Monkey Portfolios,p_181,-0.03535422058384652,8.607963108327315
2018-10-24,Monkey Portfolios,p_182,-0.1666313000695161,8.51140081590712
2018-10-24,Monkey Portfolios,p_183,-0.021067424857604156,7.739954687223625
2018-10-24,Monkey Portfolios,p_184,-0.13435155045105274,8.999264058568896
2018-10-24,Monkey Portfolios,p_185,0.002654426817145117,7.267003582140871
2018-10-24,Monkey Portfolios,p_186,-0.11262130040312568,8.355775640275148
2018-10-24,Monkey Portfolios,p_187,-0.020844244369997433,9.291764063000207
2018-10-24,Monkey Portfolios,p_188,-0.030687901056235978,8.253071872585322
2018-10-24,Monkey Portfolios,p_189,-0.11512129359952172,7.856996206458397
2018-10-24,Monkey Portfolios,p_190,-0.08947536218743801,9.177588183995955
2018-10-24,Monkey Portfolios,p_191,-0.10023069692515751,8.767026615408087
2018-10-24,Monkey Portfolios,p_192,-0.04554375054487281,7.644682672610314
2018-10-24,Monkey Portfolios,p_193,-0.15735581811703758,8.470945431645207
2018-10-24,Monkey Portfolios,p_194,-0.008543256301751123,7.102643279102399
2018-10-24,Monkey Portfolios,p_195,-0.05630944727303311,8.735278309729571
2018-10-24,Monkey Portfolios,p_196,-0.06476068462245699,7.491343987851294
2018-10-24,Monkey Portfolios,p_197,-0.09244961592645062,7.88091240499591
2018-10-24,Monkey Portfolios,p_198,-0.14999414926791255,8.995255017054706
2018-10-24,Monkey Portfolios,p_199,-0.11990238521881247,9.303676816489832
2018-10-24,Monkey Portfolios,p_200,-0.03950958729004339,7.459458360491331
2018-10-24,Monkey Portfolios,p_201,-0.11569449245097607,8.588513358298087
2018-10-24,Monkey Portfolios,p_202,-0.133582537284607,8.155706590753043
2018-10-24,Monkey Portfolios,p_203,-0.10367772540715814,8.482104935729708
2018-10-24,Monkey Portfolios,p_204,-0.09658685944989776,8.133483057496436
2018-10-24,Monkey Portfolios,p_205,-0.060992047087960244,7.433933337268001
2018-10-24,Monkey Portfolios,p_206,-0.11885408782820694,8.345062999439813
2018-10-24,Monkey Portfolios,p_207,-0.08157564595647959,8.357702499555174
2018-10-24,Monkey Portfolios,p_208,0.02518414673411562,8.351136481188588
2018-10-24,Monkey Portfolios,p_209,-0.08242545796433631,8.014337323744503
2018-10-24,Monkey Portfolios,p_210,-0.04051448187689888,8.56025233244104
2018-10-24,Monkey Portfolios,p_211,-0.14163934800095368,8.324524000513314
2018-10-24,Monkey Portfolios,p_212,0.06973811290303455,7.868619253583789
2018-10-24,Monkey Portfolios,p_213,-0.11559165811932903,7.955493173348277
2018-10-24,Monkey Portfolios,p_214,-0.016843188584365176,8.430479027063756
2018-10-24,Monkey Portfolios,p_215,-0.07873611917790924,7.912998490460123
2018-10-24,Monkey Portfolios,p_216,-0.04901620038296084,7.813738427544877
2018-10-24,Monkey Portfolios,p_217,-0.11894457254991064,8.258315862625995
2018-10-24,Monkey Portfolios,p_218,-0.11703795169027664,9.670603446065655
2018-10-24,Monkey Portfolios,p_219,-0.15691411801944533,7.5984500057212
2018-10-24,Monkey Portfolios,p_220,-0.14979340507182692,8.722992406452695
2018-10-24,Monkey Portfolios,p_221,-0.13875576395788947,8.292491419414137
2018-10-24,Monkey Portfolios,p_222,-0.1532099619688716,8.761098704022315
2018-10-24,Monkey Portfolios,p_223,-0.015699473473133163,7.7828893142579165
2018-10-24,Monkey Portfolios,p_224,-0.1851654810315677,7.926183009636291
2018-10-24,Monkey Portfolios,p_225,-0.10177238361116459,8.339566079186906
2018-10-24,Monkey Portfolios,p_226,-0.08058831413792622,8.586551609867719
2018-10-24,Monkey Portfolios,p_227,-0.01236462821006623,8.601496101938828
2018-10-24,Monkey Portfolios,p_228,-0.11631733248077858,7.261478893084748
2018-10-24,Monkey Portfolios,p_229,-0.04842155580418128,8.179295682402971
2018-10-24,Monkey Portfolios,p_230,-0.06250152507863782,8.606431366596745
2018-10-24,Monkey Portfolios,p_231,-0.17364703584336394,9.082734617311733
2018-10-24,Monkey Portfolios,p_232,-0.08831326770228776,8.185119622401665
2018-10-24,Monkey Portfolios,p_233,-0.0686959673934695,7.945726748367015
2018-10-24,Monkey Portfolios,p_234,-0.09542870453728192,8.12101638670354
2018-10-24,Monkey Portfolios,p_235,-0.06195787992261037,7.9188263257706915
2018-10-24,Monkey Portfolios,p_236,-0.12030214337890921,8.035460912356537
2018-10-24,Monkey Portfolios,p_237,-0.09096204838406252,7.655913235761197
2018-10-24,Monkey Portfolios,p_238,-0.04670433704551025,8.723496876314579
2018-10-24,Monkey Portfolios,p_239,-0.13871236853331725,8.61321372371204
2018-10-24,Monkey Portfolios,p_240,-0.08406249206244287,8.169007457241094
2018-10-24,Monkey Portfolios,p_241,-0.11385709371218478,8.256842170027308
2018-10-24,Monkey Portfolios,p_242,-0.06786188054458175,8.562504008272427
2018-10-24,Monkey Portfolios,p_243,-0.10538066044441363,8.422715312312507
2018-10-24,Monkey Portfolios,p_244,-0.09273249446009979,8.617465495690647
2018-10-24,Monkey Portfolios,p_245,-0.15671102432153328,9.210239655070604
2018-10-24,Monkey Portfolios,p_246,-0.034505551378894106,7.526628822173899
2018-10-24,Monkey Portfolios,p_247,-0.16199265088755854,8.995534757136461
2018-10-24,Monkey Portfolios,p_248,-0.09123753927534817,9.095801862809376
2018-10-24,Monkey Portfolios,p_249,-0.026741175340414758,8.04328206987979
2018-10-24,Monkey Portfolios,p_250,-0.11234054093730617,8.55295844922782
2018-10-24,Monkey Portfolios,p_251,-0.04004008387669267,8.069180869866393
2018-10-24,Monkey Portfolios,p_252,-0.15200619274261884,9.347366953869708
2018-10-24,Monkey Portfolios,p_253,-0.04792963536958561,8.003248395213719
2018-10-24,Monkey Portfolios,p_254,-0.16286598172608813,8.940693903924233
2018-10-24,Monkey Portfolios,p_255,-0.1130066047459507,7.898136386079385
2018-10-24,Monkey Portfolios,p_256,-0.01642311757697479,7.56460843900179
2018-10-24,Monkey Portfolios,p_257,-0.05272095602289617,8.066158609524754
2018-10-24,Monkey Portfolios,p_258,-0.13886426419089104,8.688635796700863
2018-10-24,Monkey Portfolios,p_259,-0.07899532142119181,9.293741233886424
2018-10-24,Monkey Portfolios,p_260,-0.08896846742366504,8.090913245377383
2018-10-24,Monkey Portfolios,p_261,-0.0654998661029178,8.414245419864075
2018-10-24,Monkey Portfolios,p_262,-0.03370679500645701,7.432937910603121
2018-10-24,Monkey Portfolios,p_263,-0.10296097180339225,7.848577899233597
2018-10-24,Monkey Portfolios,p_264,-0.0948518632774299,8.594214801258298
2018-10-24,Monkey Portfolios,p_265,-0.073615625615709,8.292633880842207
2018-10-24,Monkey Portfolios,p_266,-0.1194684102974145,9.488276283659209
2018-10-24,Monkey Portfolios,p_267,-0.06262111182797658,8.41223641110277
2018-10-24,Monkey Portfolios,p_268,-0.04009986081064032,7.424948297529734
2018-10-24,Monkey Portfolios,p_269,-0.04995054340428584,7.6126515673719
2018-10-24,Monkey Portfolios,p_270,-0.010244101961163321,9.256567275312065
2018-10-24,Monkey Portfolios,p_271,-0.04633465031419859,7.616116047398224
2018-10-24,Monkey Portfolios,p_272,-0.13805307565105174,8.767478285077951
2018-10-24,Monkey Portfolios,p_273,-0.074996851049426,8.682813086699616
2018-10-24,Monkey Portfolios,p_274,-0.015885235035966172,7.955465491747308
2018-10-24,Monkey Portfolios,p_275,-0.10694429723259347,8.527561543373581
2018-10-24,Monkey Portfolios,p_276,-0.1246170257299225,8.318295373043057
2018-10-24,Monkey Portfolios,p_277,-0.1403829348495037,8.164145462133726
2018-10-24,Monkey Portfolios,p_278,-0.137308712788495,8.190993949822717
2018-10-24,Monkey Portfolios,p_279,-0.13421879612068288,9.532381539884534
2018-10-24,Monkey Portfolios,p_280,-0.07981539314675268,8.612055741861113
2018-10-24,Monkey Portfolios,p_281,-0.12670010021676736,8.886047443384696
2018-10-24,Monkey Portfolios,p_282,-0.038916992601986444,8.047057559084665
2018-10-24,Monkey Portfolios,p_283,-0.0792749918389909,7.900894175829083
2018-10-24,Monkey Portfolios,p_284,-0.18330949328206791,8.7291787605329
2018-10-24,Monkey Portfolios,p_285,-0.020921377094377913,7.790121511095275
2018-10-24,Monkey Portfolios,p_286,-0.04789545012842811,7.386370564916925
2018-10-24,Monkey Portfolios,p_287,-0.006661186411789477,7.7123788029925855
2018-10-24,Monkey Portfolios,p_288,-0.09652851380814587,7.860348361979626
2018-10-24,Monkey Portfolios,p_289,-0.08294376904037193,8.707265245420563
2018-10-24,Monkey Portfolios,p_290,-0.08535974267469126,9.048321666536125
2018-10-24,Monkey Portfolios,p_291,-0.1083895629792142,8.43799076828721
2018-10-24,Monkey Portfolios,p_292,-0.03995930293414751,7.751956072527349
2018-10-24,Monkey Portfolios,p_293,-0.012361710253047109,9.110697990505237
2018-10-24,Monkey Portfolios,p_294,-0.07547949032350887,8.721122127921989
2018-10-24,Monkey Portfolios,p_295,-0.0815073404676464,8.446730026110966
2018-10-24,Monkey Portfolios,p_296,-0.017133191742773612,8.081965740948785
2018-10-24,Monkey Portfolios,p_297,-0.04685431432291831,7.661012975954786
2018-10-24,Monkey Portfolios,p_298,-0.16157226259374757,8.400944464112271
2018-10-24,Monkey Portfolios,p_299,-0.10367942050329959,9.250811962368562
2018-10-24,Monkey Portfolios,p_300,-0.09862603054281871,7.890830147898137
2018-10-24,Monkey Portfolios,p_301,-0.019827255944438682,8.433272464953461
2018-10-24,Monkey Portfolios,p_302,-0.056465972481961724,8.17072237941953
2018-10-24,Monkey Portfolios,p_303,-0.08116791221753716,8.633179349629936
2018-10-24,Monkey Portfolios,p_304,-0.08166618433641515,9.53539569209616
2018-10-24,Monkey Portfolios,p_305,-0.1236054680511871,8.925397676292933
2018-10-24,Monkey Portfolios,p_306,-0.11683987816824215,8.421531464020008
2018-10-24,Monkey Portfolios,p_307,-0.10547749208766144,8.727192134743712
2018-10-24,Monkey Portfolios,p_308,-0.21118945878227113,8.743232438388066
2018-10-24,Monkey Portfolios,p_309,-0.048126482999067854,7.760975789547805
2018-10-24,Monkey Portfolios,p_310,-0.10488004562085396,8.53065538251139
2018-10-24,Monkey Portfolios,p_311,-0.13303355223329505,8.215879319728701
2018-10-24,Monkey Portfolios,p_312,-0.004311150545228459,8.577586611297912
2018-10-24,Monkey Portfolios,p_313,-0.05145661088151032,7.312256567615554
2018-10-24,Monkey Portfolios,p_314,-0.11212638540191067,9.24916662849869
2018-10-24,Monkey Portfolios,p_315,-0.04601164849777706,8.47147932906778
2018-10-24,Monkey Portfolios,p_316,-0.10244028303640573,7.820390820635747
2018-10-24,Monkey Portfolios,p_317,-0.060912804525094955,8.254467988811738
2018-10-24,Monkey Portfolios,p_318,-0.03855274234070205,8.829026290120286
2018-10-24,Monkey Portfolios,p_319,-0.09611488993499007,9.22473568979541
2018-10-24,Monkey Portfolios,p_320,-0.1667112367995861,8.58285193263483
2018-10-24,Monkey Portfolios,p_321,-0.015787420572890287,7.705547734966413
2018-10-24,Monkey Portfolios,p_322,-0.031499497461273784,8.296278015645758
2018-10-24,Monkey Portfolios,p_323,-0.14464632323150217,9.410966420334061
2018-10-24,Monkey Portfolios,p_324,-0.1031784631274506,8.92692925737693
2018-10-24,Monkey Portfolios,p_325,-0.037200141729527014,8.711247726237454
2018-10-24,Monkey Portfolios,p_326,-0.009766614167001642,8.990892657439591
2018-10-24,Monkey Portfolios,p_327,-0.07512664980535655,8.307025330829
2018-10-24,Monkey Portfolios,p_328,-0.09241049332932583,8.16591388570693
2018-10-24,Monkey Portfolios,p_329,-0.04921060161116908,8.62226673766993
2018-10-24,Monkey Portfolios,p_330,-0.044605601969897934,9.432550757909771
2018-10-24,Monkey Portfolios,p_331,-0.07483269826993577,9.097879034161862
2018-10-24,Monkey Portfolios,p_332,-0.03316930406227481,7.695698579475581
2018-10-24,Monkey Portfolios,p_333,-0.20080743612418328,9.051592152099545
2018-10-24,Monkey Portfolios,p_334,-0.1298351507173674,8.987829311758087
2018-10-24,Monkey Portfolios,p_335,-0.1500144802273501,9.291968461432983
2018-10-24,Monkey Portfolios,p_336,-0.06638458692602478,8.211758135198387
2018-10-24,Monkey Portfolios,p_337,-0.07787948541443535,9.243634415896073
2018-10-24,Monkey Portfolios,p_338,-0.14071193099973944,7.743643851841558
2018-10-24,Monkey Portfolios,p_339,-0.13761215761540702,8.407683285899362
2018-10-24,Monkey Portfolios,p_340,-0.0638772049008306,9.45734352309095
2018-10-24,Monkey Portfolios,p_341,-0.14469142364798815,8.262693129308076
2018-10-24,Monkey Portfolios,p_342,-0.06922675982137072,9.194158118224541
2018-10-24,Monkey Portfolios,p_343,-0.1609222180223332,8.435235993804131
2018-10-24,Monkey Portfolios,p_344,-0.11766965805348961,8.581743291527957
2018-10-24,Monkey Portfolios,p_345,-0.13278043818620955,9.05401004553377
2018-10-24,Monkey Portfolios,p_346,-0.1383522483861951,8.992605979851948
2018-10-24,Monkey Portfolios,p_347,-0.12228811809125362,7.9419007644604225
2018-10-24,Monkey Portfolios,p_348,-0.08428228931209858,8.093328192165886
2018-10-24,Monkey Portfolios,p_349,-0.03241449602197555,9.233099485023102
2018-10-24,Monkey Portfolios,p_350,-0.06765491915210198,7.633399144936902
2018-10-24,Monkey Portfolios,p_351,-0.16969098187337228,8.087783056823262
2018-10-24,Monkey Portfolios,p_352,-0.13297789898936452,7.9537991248557
2018-10-24,Monkey Portfolios,p_353,0.009019599421488778,8.073983251336195
2018-10-24,Monkey Portfolios,p_354,-0.05008579419233383,7.075865170092703
2018-10-24,Monkey Portfolios,p_355,-0.010453532003845245,8.267006906382898
2018-10-24,Monkey Portfolios,p_356,-0.054230636499039364,7.491002112513117
2018-10-24,Monkey Portfolios,p_357,-0.04940216204479919,8.168957475253293
2018-10-24,Monkey Portfolios,p_358,-0.08862765694919417,8.092990777669645
2018-10-24,Monkey Portfolios,p_359,-0.1381539339766339,8.893928788903175
2018-10-24,Monkey Portfolios,p_360,-0.06311988166931493,8.12921354719799
2018-10-24,Monkey Portfolios,p_361,-0.06191387673130888,8.315423286711537
2018-10-24,Monkey Portfolios,p_362,-0.079256067100825,8.323455449729272
2018-10-24,Monkey Portfolios,p_363,-0.15881347486819075,7.859017814242406
2018-10-24,Monkey Portfolios,p_364,-0.07367148260842915,8.103095919063193
2018-10-24,Monkey Portfolios,p_365,-0.1433596651752651,8.149721147389862
2018-10-24,Monkey Portfolios,p_366,0.03897896923689603,8.208504060136683
2018-10-24,Monkey Portfolios,p_367,-0.06951112010941718,8.185853694342109
2018-10-24,Monkey Portfolios,p_368,-0.05367869730131669,8.510860876164749
2018-10-24,Monkey Portfolios,p_369,-0.17689182710715112,9.329392665386981
2018-10-24,Monkey Portfolios,p_370,-0.09444664083656173,9.019866662829644
2018-10-24,Monkey Portfolios,p_371,-0.09079433227617861,8.962130262537276
2018-10-24,Monkey Portfolios,p_372,-0.13778596158465373,8.668320067769617
2018-10-24,Monkey Portfolios,p_373,-0.09392464969064995,8.550283285998916
2018-10-24,Monkey Portfolios,p_374,-0.07259697735475223,8.014923573736157
2018-10-24,Monkey Portfolios,p_375,-0.15181637688384297,8.02489074394218
2018-10-24,Monkey Portfolios,p_376,-0.07417158409200575,8.77778582748728
2018-10-24,Monkey Portfolios,p_377,-0.05590246870231419,8.550529135027208
2018-10-24,Monkey Portfolios,p_378,-0.09144199702316935,7.3833486952720655
2018-10-24,Monkey Portfolios,p_379,-0.00784505290591353,8.482200105143676
2018-10-24,Monkey Portfolios,p_380,-0.14405955246153057,8.33663285676139
2018-10-24,Monkey Portfolios,p_381,-0.08424411775397989,8.09761222127442
2018-10-24,Monkey Portfolios,p_382,0.013690896064818103,7.271948731244334
2018-10-24,Monkey Portfolios,p_383,-0.14047325113048403,9.421545745013658
2018-10-24,Monkey Portfolios,p_384,-0.03801507022975881,7.537478821182649
2018-10-24,Monkey Portfolios,p_385,-0.10707704673757623,7.945289016912658
2018-10-24,Monkey Portfolios,p_386,-0.11316090269445667,8.405429391916748
2018-10-24,Monkey Portfolios,p_387,-0.0958993846074272,7.598025022860175
2018-10-24,Monkey Portfolios,p_388,-0.1873187558120034,8.33276513355727
2018-10-24,Monkey Portfolios,p_389,-0.08155676278234658,9.39965983837714
2018-10-24,Monkey Portfolios,p_390,-0.028583642619506633,8.87299610469211
2018-10-24,Monkey Portfolios,p_391,-0.05100860138474417,7.015543319005209
2018-10-24,Monkey Portfolios,p_392,-0.1524404948203213,8.932125710622945
2018-10-24,Monkey Portfolios,p_393,-0.08436179257331144,8.840680847462666
2018-10-24,Monkey Portfolios,p_394,-0.014991470908434779,8.098997919871039
2018-10-24,Monkey Portfolios,p_395,-0.09475048654093243,8.648597101061554
2018-10-24,Monkey Portfolios,p_396,-0.0636966089835006,7.776728955514449
2018-10-24,Monkey Portfolios,p_397,-0.020129483620781263,7.393896390364155
2018-10-24,Monkey Portfolios,p_398,-0.04437024431783765,8.398736781384413
2018-10-24,Monkey Portfolios,p_399,0.022932484668103825,7.858110570342114
2018-10-24,Monkey Portfolios,p_400,-0.04765263114539098,8.482548824353
2018-10-24,Monkey Portfolios,p_401,-0.036682534592580085,7.274681434391614
2018-10-24,Monkey Portfolios,p_402,-0.11013456681458345,8.011959876978924
2018-10-24,Monkey Portfolios,p_403,-0.06030801684885745,8.287774877448758
2018-10-24,Monkey Portfolios,p_404,-0.029419343373045748,8.480323988556918
2018-10-24,Monkey Portfolios,p_405,-0.1797833094966923,8.582089011451101
2018-10-24,Monkey Portfolios,p_406,-0.11241610195377194,8.708996405480324
2018-10-24,Monkey Portfolios,p_407,-0.0664895323694219,7.8488402347333635
2018-10-24,Monkey Portfolios,p_408,-0.1384055658183777,9.03845184054366
2018-10-24,Monkey Portfolios,p_409,-0.17862832072640722,8.69936320632923
2018-10-24,Monkey Portfolios,p_410,-0.09188348861130968,7.72753887364192
2018-10-24,Monkey Portfolios,p_411,-0.10525175864561087,8.577354374077599
2018-10-24,Monkey Portfolios,p_412,-0.1501771062681836,9.160030670789796
2018-10-24,Monkey Portfolios,p_413,-0.15628426601503342,8.676575671514438
2018-10-24,Monkey Portfolios,p_414,-0.08875539241669306,8.63170574264066
2018-10-24,Monkey Portfolios,p_415,-0.11832964374688337,8.711991183841194
2018-10-24,Monkey Portfolios,p_416,-0.0006598074848531699,8.330312138854609
2018-10-24,Monkey Portfolios,p_417,-0.0416661145721855,8.975533022021388
2018-10-24,Monkey Portfolios,p_418,-0.06218864899997156,8.040179485326904
2018-10-24,Monkey Portfolios,p_419,-0.02882000682500674,7.659530665175604
2018-10-24,Monkey Portfolios,p_420,-0.09373411572315082,7.865104677068021
2018-10-24,Monkey Portfolios,p_421,-0.07361967164107375,8.306115163320788
2018-10-24,Monkey Portfolios,p_422,-0.15202903008927104,8.938752651266228
2018-10-24,Monkey Portfolios,p_423,-0.11881888404598373,8.360241059938708
2018-10-24,Monkey Portfolios,p_424,-0.12977125336367779,8.24232428182691
2018-10-24,Monkey Portfolios,p_425,-0.1242433873050156,8.667169927280296
2018-10-24,Monkey Portfolios,p_426,-0.1648526022197171,8.076263267917373
2018-10-24,Monkey Portfolios,p_427,-0.07557013855833294,8.997575484914266
2018-10-24,Monkey Portfolios,p_428,-0.1270101586511836,7.29633420709669
2018-10-24,Monkey Portfolios,p_429,-0.04395099082914422,8.732492570597694
2018-10-24,Monkey Portfolios,p_430,-0.07260662744604507,8.502965913787511
2018-10-24,Monkey Portfolios,p_431,-0.10595804314834756,7.318125942133244
2018-10-24,Monkey Portfolios,p_432,0.007486412284489541,8.077122840121262
2018-10-24,Monkey Portfolios,p_433,-0.040194582160360315,8.079847599555915
2018-10-24,Monkey Portfolios,p_434,-0.07526119640868523,8.841885371146144
2018-10-24,Monkey Portfolios,p_435,-0.1291353073985979,8.298162473048755
2018-10-24,Monkey Portfolios,p_436,-0.06184366550581666,8.582566631822976
2018-10-24,Monkey Portfolios,p_437,-0.09217497783501993,8.542172009350546
2018-10-24,Monkey Portfolios,p_438,0.012685289239452668,8.912703512683853
2018-10-24,Monkey Portfolios,p_439,-0.11985395214035777,8.271514288192323
2018-10-24,Monkey Portfolios,p_440,-0.10738247128517175,8.18193380350896
2018-10-24,Monkey Portfolios,p_441,-0.08691110817839887,8.392598739679077
2018-10-24,Monkey Portfolios,p_442,-0.07805659889726946,8.592737130589656
2018-10-24,Monkey Portfolios,p_443,-0.033360063249534666,7.21266502525927
2018-10-24,Monkey Portfolios,p_444,0.031029014231352736,8.304116404594346
2018-10-24,Monkey Portfolios,p_445,-0.0871163464102952,8.158635105549388
2018-10-24,Monkey Portfolios,p_446,-0.08026035854947411,7.950391184637869
2018-10-24,Monkey Portfolios,p_447,-0.08341557982373227,8.26856498393927
2018-10-24,Monkey Portfolios,p_448,-0.12866794522762837,9.141902651899729
2018-10-24,Monkey Portfolios,p_449,0.05372610522638954,8.87382448323386
2018-10-24,Monkey Portfolios,p_450,-0.10396736250157035,8.067548423550164
2018-10-24,Monkey Portfolios,p_451,-0.0885832748845733,8.261752056805474
2018-10-24,Monkey Portfolios,p_452,-0.0009021067589658482,7.7592235068332425
2018-10-24,Monkey Portfolios,p_453,-0.04349416166144582,7.838527585818745
2018-10-24,Monkey Portfolios,p_454,-0.06705441336024953,8.027907863772324
2018-10-24,Monkey Portfolios,p_455,-0.04127411294291383,9.062393094966376
2018-10-24,Monkey Portfolios,p_456,-0.07773074007920577,8.794848172052601
2018-10-24,Monkey Portfolios,p_457,-0.13662076040867976,8.296093420420968
2018-10-24,Monkey Portfolios,p_458,-0.18355806032232358,8.761209209278318
2018-10-24,Monkey Portfolios,p_459,-0.14365864144899676,7.906872917161838
2018-10-24,Monkey Portfolios,p_460,-0.007577537645617083,7.8663925938776575
2018-10-24,Monkey Portfolios,p_461,-0.06566775794932322,8.009644986415626
2018-10-24,Monkey Portfolios,p_462,-0.017252987604533865,7.887299139201641
2018-10-24,Monkey Portfolios,p_463,-0.05314350011679114,7.207380516597645
2018-10-24,Monkey Portfolios,p_464,-0.03340145926122029,8.341357283688701
2018-10-24,Monkey Portfolios,p_465,-0.14663169386574126,9.216690844956425
2018-10-24,Monkey Portfolios,p_466,-0.13194534526437307,8.53754582763177
2018-10-24,Monkey Portfolios,p_467,0.018199329757247362,7.959468876605438
2018-10-24,Monkey Portfolios,p_468,-0.0032841149405966608,7.604829955062617
2018-10-24,Monkey Portfolios,p_469,-0.12877125217840402,8.272304912815864
2018-10-24,Monkey Portfolios,p_470,-0.07620932390077184,7.419109321372734
2018-10-24,Monkey Portfolios,p_471,-0.0849185281790995,8.98842078195616
2018-10-24,Monkey Portfolios,p_472,-0.10539747550433964,8.13174042755597
2018-10-24,Monkey Portfolios,p_473,-0.017533504025869506,7.757540204832351
2018-10-24,Monkey Portfolios,p_474,-0.04075174723428576,8.63473859757461
2018-10-24,Monkey Portfolios,p_475,0.0053204457450271025,7.913042928810119
2018-10-24,Monkey Portfolios,p_476,-0.08282915332779461,8.329692944114077
2018-10-24,Monkey Portfolios,p_477,-0.11745858206625315,8.125023537250625
2018-10-24,Monkey Portfolios,p_478,-0.09724338220872619,8.880083639871254
2018-10-24,Monkey Portfolios,p_479,-0.08542879121919567,9.320898592890545
2018-10-24,Monkey Portfolios,p_480,-0.11141563688811085,7.489712369711155
2018-10-24,Monkey Portfolios,p_481,-0.10573819319283573,8.112187112948702
2018-10-24,Monkey Portfolios,p_482,-0.05811504639042153,9.042990762189987
2018-10-24,Monkey Portfolios,p_483,-0.026086785900009124,7.781013722644072
2018-10-24,Monkey Portfolios,p_484,0.03420326567539278,8.418106757581507
2018-10-24,Monkey Portfolios,p_485,-0.08634622616271859,7.997100801086455
2018-10-24,Monkey Portfolios,p_486,0.012738496891341544,8.065658479325922
2018-10-24,Monkey Portfolios,p_487,-0.13220232109780727,9.234705234124043
2018-10-24,Monkey Portfolios,p_488,-0.1473730279780724,9.59953682444575
2018-10-24,Monkey Portfolios,p_489,-0.1446326546529899,8.642910912766055
2018-10-24,Monkey Portfolios,p_490,-0.06326276832150246,8.33650800432473
2018-10-24,Monkey Portfolios,p_491,0.016201481725725886,7.888894988549081
2018-10-24,Monkey Portfolios,p_492,-0.03985833468588895,7.824512140359584
2018-10-24,Monkey Portfolios,p_493,-0.08910971442913129,8.47373191924925
2018-10-24,Monkey Portfolios,p_494,-0.09260501036813962,8.291057691123825
2018-10-24,Monkey Portfolios,p_495,-0.03680537620866109,8.904249208876708
2018-10-24,Monkey Portfolios,p_496,-0.08977614297055125,8.46900687715849
2018-10-24,Monkey Portfolios,p_497,-0.034746925942688134,8.394946764683759
2018-10-24,Monkey Portfolios,p_498,-0.07714557759124907,7.578793574890569
2018-10-24,Monkey Portfolios,p_499,-0.12647272125168918,7.5021166327116555
